subject,index,weight,i,j,k,x(mm),y(mm),z(mm)
3,214783,1.0000,23,72,22,46,16,-30
3,214784,0.6667,24,72,22,44,16,-30
3,224611,0.3333,23,71,23,46,14,-28
3,224701,0.3333,22,72,23,48,16,-28
3,224702,1.0000,23,72,23,46,16,-28
3,224703,1.0000,24,72,23,44,16,-28
3,224792,0.3333,22,73,23,48,18,-28
3,224793,0.6667,23,73,23,46,18,-28
3,224794,0.6667,24,73,23,44,18,-28
3,233849,0.3333,70,63,24,-48,-2,-26
3,234530,0.6667,23,71,24,46,14,-26
3,234531,0.3333,24,71,24,44,14,-26
3,234620,0.6667,22,72,24,48,16,-26
3,234621,1.0000,23,72,24,46,16,-26
3,234622,1.0000,24,72,24,44,16,-26
3,234711,0.3333,22,73,24,48,18,-26
3,234712,1.0000,23,73,24,46,18,-26
3,234713,1.0000,24,73,24,44,18,-26
3,234803,0.3333,23,74,24,46,20,-26
3,234804,0.3333,24,74,24,44,20,-26
3,243624,0.6667,17,62,25,58,-4,-24
3,243625,0.3333,18,62,25,56,-4,-24
3,243715,0.3333,17,63,25,58,-2,-24
3,243768,0.3333,70,63,25,-48,-2,-24
3,244448,0.6667,22,71,25,48,14,-24
3,244449,0.6667,23,71,25,46,14,-24
3,244539,0.6667,22,72,25,48,16,-24
3,244540,1.0000,23,72,25,46,16,-24
3,244541,0.3333,24,72,25,44,16,-24
3,244630,0.6667,22,73,25,48,18,-24
3,244631,0.6667,23,73,25,46,18,-24
3,244632,0.3333,24,73,25,44,18,-24
3,244721,0.6667,22,74,25,48,20,-24
3,244722,0.6667,23,74,25,46,20,-24
3,244723,0.3333,24,74,25,44,20,-24
3,253271,0.3333,18,59,26,56,-10,-22
3,253362,0.3333,18,60,26,56,-8,-22
3,253451,0.6667,16,61,26,60,-6,-22
3,253452,0.3333,17,61,26,58,-6,-22
3,253542,1.0000,16,62,26,60,-4,-22
3,253543,0.6667,17,62,26,58,-4,-22
3,253544,0.3333,18,62,26,56,-4,-22
3,253547,0.3333,21,62,26,50,-4,-22
3,253548,0.6667,22,62,26,48,-4,-22
3,253633,1.0000,16,63,26,60,-2,-22
3,253634,0.6667,17,63,26,58,-2,-22
3,253637,0.3333,20,63,26,52,-2,-22
3,253638,0.3333,21,63,26,50,-2,-22
3,253639,0.6667,22,63,26,48,-2,-22
3,253640,0.6667,23,63,26,46,-2,-22
3,253728,0.3333,20,64,26,52,0,-22
3,253729,0.3333,21,64,26,50,0,-22
3,253730,0.3333,22,64,26,48,0,-22
3,253999,0.3333,18,67,26,56,6,-22
3,254000,0.3333,19,67,26,54,6,-22
3,254367,0.6667,22,71,26,48,14,-22
3,254457,0.3333,21,72,26,50,16,-22
3,254458,0.6667,22,72,26,48,16,-22
3,254548,0.3333,21,73,26,50,18,-22
3,254549,0.3333,22,73,26,48,18,-22
3,254550,0.6667,23,73,26,46,18,-22
3,254551,0.3333,24,73,26,44,18,-22
3,254640,1.0000,22,74,26,48,20,-22
3,254641,1.0000,23,74,26,46,20,-22
3,254642,0.3333,24,74,26,44,20,-22
3,263370,0.6667,16,61,27,60,-6,-20
3,263371,0.6667,17,61,27,58,-6,-20
3,263461,1.0000,16,62,27,60,-4,-20
3,263462,0.6667,17,62,27,58,-4,-20
3,263465,0.3333,20,62,27,52,-4,-20
3,263466,0.6667,21,62,27,50,-4,-20
3,263467,0.6667,22,62,27,48,-4,-20
3,263468,0.3333,23,62,27,46,-4,-20
3,263552,1.0000,16,63,27,60,-2,-20
3,263553,0.6667,17,63,27,58,-2,-20
3,263556,0.3333,20,63,27,52,-2,-20
3,263557,1.0000,21,63,27,50,-2,-20
3,263558,1.0000,22,63,27,48,-2,-20
3,263559,0.6667,23,63,27,46,-2,-20
3,263643,1.0000,16,64,27,60,0,-20
3,263647,0.3333,20,64,27,52,0,-20
3,263648,0.3333,21,64,27,50,0,-20
3,263649,0.3333,22,64,27,48,0,-20
3,263650,0.6667,23,64,27,46,0,-20
3,263791,0.3333,73,65,27,-54,2,-20
3,263881,0.3333,72,66,27,-52,4,-20
3,263882,1.0000,73,66,27,-54,4,-20
3,263883,1.0000,74,66,27,-56,4,-20
3,263972,0.3333,72,67,27,-52,6,-20
3,263973,0.3333,73,67,27,-54,6,-20
3,264009,0.3333,18,68,27,56,8,-20
3,264010,0.3333,19,68,27,54,8,-20
3,264103,0.3333,21,69,27,50,10,-20
3,264376,0.3333,21,72,27,50,16,-20
3,264377,0.3333,22,72,27,48,16,-20
3,264467,0.3333,21,73,27,50,18,-20
3,264468,0.3333,22,73,27,48,18,-20
3,264469,0.3333,23,73,27,46,18,-20
3,264559,0.3333,22,74,27,48,20,-20
3,264560,1.0000,23,74,27,46,20,-20
3,272747,0.3333,20,55,28,52,-18,-18
3,272748,0.3333,21,55,28,50,-18,-18
3,272837,0.3333,19,56,28,54,-16,-18
3,272838,0.3333,20,56,28,52,-16,-18
3,272839,0.3333,21,56,28,50,-16,-18
3,272927,0.3333,18,57,28,56,-14,-18
3,272928,0.3333,19,57,28,54,-14,-18
3,272929,0.3333,20,57,28,52,-14,-18
3,273197,0.3333,15,60,28,62,-8,-18
3,273198,0.3333,16,60,28,60,-8,-18
3,273288,0.3333,15,61,28,62,-6,-18
3,273289,0.3333,16,61,28,60,-6,-18
3,273290,0.6667,17,61,28,58,-6,-18
3,273379,0.3333,15,62,28,62,-4,-18
3,273380,0.6667,16,62,28,60,-4,-18
3,273381,0.3333,17,62,28,58,-4,-18
3,273385,0.6667,21,62,28,50,-4,-18
3,273386,0.3333,22,62,28,48,-4,-18
3,273471,1.0000,16,63,28,60,-2,-18
3,273476,0.6667,21,63,28,50,-2,-18
3,273477,1.0000,22,63,28,48,-2,-18
3,273562,0.3333,16,64,28,60,0,-18
3,273568,0.3333,22,64,28,48,0,-18
3,273617,0.3333,71,64,28,-50,0,-18
3,273710,0.6667,73,65,28,-54,2,-18
3,273711,0.3333,74,65,28,-56,2,-18
3,273800,0.6667,72,66,28,-52,4,-18
3,273801,1.0000,73,66,28,-54,4,-18
3,273802,1.0000,74,66,28,-56,4,-18
3,273891,0.6667,72,67,28,-52,6,-18
3,273892,0.6667,73,67,28,-54,6,-18
3,273929,0.3333,19,68,28,54,8,-18
3,274294,0.3333,20,72,28,52,16,-18
3,274295,0.3333,21,72,28,50,16,-18
3,274296,0.3333,22,72,28,48,16,-18
3,274478,0.3333,22,74,28,48,20,-18
3,274479,0.3333,23,74,28,46,20,-18
3,274480,0.3333,24,74,28,44,20,-18
3,274571,0.3333,24,75,28,44,22,-18
3,282629,0.3333,74,54,29,-56,-20,-16
3,282666,0.3333,20,55,29,52,-18,-16
3,282667,0.3333,21,55,29,50,-18,-16
3,282755,0.3333,18,56,29,56,-16,-16
3,282756,0.3333,19,56,29,54,-16,-16
3,282757,0.3333,20,56,29,52,-16,-16
3,282758,0.3333,21,56,29,50,-16,-16
3,282845,0.3333,17,57,29,58,-14,-16
3,282846,0.3333,18,57,29,56,-14,-16
3,282847,0.3333,19,57,29,54,-14,-16
3,282848,0.3333,20,57,29,52,-14,-16
3,282934,0.3333,15,58,29,62,-12,-16
3,282935,0.3333,16,58,29,60,-12,-16
3,282936,0.6667,17,58,29,58,-12,-16
3,282937,0.3333,18,58,29,56,-12,-16
3,283025,0.6667,15,59,29,62,-10,-16
3,283026,0.3333,16,59,29,60,-10,-16
3,283027,0.3333,17,59,29,58,-10,-16
3,283116,0.3333,15,60,29,62,-8,-16
3,283117,0.3333,16,60,29,60,-8,-16
3,283207,0.3333,15,61,29,62,-6,-16
3,283208,0.3333,16,61,29,60,-6,-16
3,283298,0.3333,15,62,29,62,-4,-16
3,283299,0.3333,16,62,29,60,-4,-16
3,283390,0.3333,16,63,29,60,-2,-16
3,283481,0.3333,16,64,29,60,0,-16
3,283536,0.3333,71,64,29,-50,0,-16
3,283537,0.3333,72,64,29,-52,0,-16
3,283572,0.3333,16,65,29,60,2,-16
3,283627,0.3333,71,65,29,-50,2,-16
3,283628,0.6667,72,65,29,-52,2,-16
3,283629,0.6667,73,65,29,-54,2,-16
3,283718,0.3333,71,66,29,-50,4,-16
3,283719,0.6667,72,66,29,-52,4,-16
3,283720,1.0000,73,66,29,-54,4,-16
3,283721,0.3333,74,66,29,-56,4,-16
3,283810,0.6667,72,67,29,-52,6,-16
3,284123,0.3333,21,71,29,50,14,-16
3,284213,0.3333,20,72,29,52,16,-16
3,284214,0.3333,21,72,29,50,16,-16
3,284215,0.3333,22,72,29,48,16,-16
3,292457,0.3333,74,53,30,-56,-22,-14
3,292495,0.3333,21,54,30,50,-20,-14
3,292546,0.6667,72,54,30,-52,-20,-14
3,292547,1.0000,73,54,30,-54,-20,-14
3,292548,0.6667,74,54,30,-56,-20,-14
3,292549,0.3333,75,54,30,-58,-20,-14
3,292584,0.3333,19,55,30,54,-18,-14
3,292585,0.3333,20,55,30,52,-18,-14
3,292586,0.3333,21,55,30,50,-18,-14
3,292636,0.3333,71,55,30,-50,-18,-14
3,292637,0.6667,72,55,30,-52,-18,-14
3,292638,0.6667,73,55,30,-54,-18,-14
3,292639,0.6667,74,55,30,-56,-18,-14
3,292643,0.6667,78,55,30,-64,-18,-14
3,292673,0.3333,17,56,30,58,-16,-14
3,292674,0.3333,18,56,30,56,-16,-14
3,292675,0.3333,19,56,30,54,-16,-14
3,292676,0.3333,20,56,30,52,-16,-14
3,292677,0.3333,21,56,30,50,-16,-14
3,292727,0.3333,71,56,30,-50,-16,-14
3,292728,0.6667,72,56,30,-52,-16,-14
3,292729,0.6667,73,56,30,-54,-16,-14
3,292730,0.3333,74,56,30,-56,-16,-14
3,292734,0.3333,78,56,30,-64,-16,-14
3,292762,0.3333,15,57,30,62,-14,-14
3,292763,0.3333,16,57,30,60,-14,-14
3,292764,0.3333,17,57,30,58,-14,-14
3,292765,0.3333,18,57,30,56,-14,-14
3,292766,0.3333,19,57,30,54,-14,-14
3,292767,0.3333,20,57,30,52,-14,-14
3,292768,0.3333,21,57,30,50,-14,-14
3,292819,0.3333,72,57,30,-52,-14,-14
3,292852,0.3333,14,58,30,64,-12,-14
3,292853,1.0000,15,58,30,62,-12,-14
3,292854,1.0000,16,58,30,60,-12,-14
3,292855,0.6667,17,58,30,58,-12,-14
3,292856,0.6667,18,58,30,56,-12,-14
3,292857,0.3333,19,58,30,54,-12,-14
3,292858,0.3333,20,58,30,52,-12,-14
3,292943,0.6667,14,59,30,64,-10,-14
3,292944,1.0000,15,59,30,62,-10,-14
3,292945,1.0000,16,59,30,60,-10,-14
3,292946,1.0000,17,59,30,58,-10,-14
3,292947,0.3333,18,59,30,56,-10,-14
3,293035,0.6667,15,60,30,62,-8,-14
3,293036,0.6667,16,60,30,60,-8,-14
3,293037,0.6667,17,60,30,58,-8,-14
3,293126,0.3333,15,61,30,62,-6,-14
3,293217,0.3333,15,62,30,62,-4,-14
3,293455,0.3333,71,64,30,-50,0,-14
3,293456,0.6667,72,64,30,-52,0,-14
3,293546,0.6667,71,65,30,-50,2,-14
3,293547,1.0000,72,65,30,-52,2,-14
3,293548,0.3333,73,65,30,-54,2,-14
3,293638,0.6667,72,66,30,-52,4,-14
3,293639,0.3333,73,66,30,-54,4,-14
3,294042,0.3333,21,71,30,50,14,-14
3,294133,0.6667,21,72,30,50,16,-14
3,294134,0.3333,22,72,30,48,16,-14
3,294408,1.0000,23,75,30,46,22,-14
3,294409,1.0000,24,75,30,44,22,-14
3,294453,0.3333,68,75,30,-44,22,-14
3,294454,0.3333,69,75,30,-46,22,-14
3,294499,0.6667,23,76,30,46,24,-14
3,294500,1.0000,24,76,30,44,24,-14
3,294501,1.0000,25,76,30,42,24,-14
3,294543,0.3333,67,76,30,-42,24,-14
3,294544,0.3333,68,76,30,-44,24,-14
3,294545,0.3333,69,76,30,-46,24,-14
3,294590,0.6667,23,77,30,46,26,-14
3,294591,1.0000,24,77,30,44,26,-14
3,294592,1.0000,25,77,30,42,26,-14
3,294634,0.3333,67,77,30,-42,26,-14
3,294635,0.3333,68,77,30,-44,26,-14
3,294636,0.3333,69,77,30,-46,26,-14
3,294682,1.0000,24,78,30,44,28,-14
3,294683,1.0000,25,78,30,42,28,-14
3,294725,0.3333,67,78,30,-42,28,-14
3,294726,0.3333,68,78,30,-44,28,-14
3,294774,0.6667,25,79,30,42,30,-14
3,294816,0.3333,67,79,30,-42,30,-14
3,302323,0.3333,21,53,31,50,-22,-12
3,302324,0.3333,22,53,31,48,-22,-12
3,302325,0.3333,23,53,31,46,-22,-12
3,302326,0.3333,24,53,31,44,-22,-12
3,302376,0.3333,74,53,31,-56,-22,-12
3,302413,0.3333,20,54,31,52,-20,-12
3,302414,0.3333,21,54,31,50,-20,-12
3,302415,0.3333,22,54,31,48,-20,-12
3,302416,0.3333,23,54,31,46,-20,-12
3,302417,0.3333,24,54,31,44,-20,-12
3,302465,0.6667,72,54,31,-52,-20,-12
3,302466,1.0000,73,54,31,-54,-20,-12
3,302467,1.0000,74,54,31,-56,-20,-12
3,302468,0.3333,75,54,31,-58,-20,-12
3,302471,0.3333,78,54,31,-64,-20,-12
3,302502,0.3333,18,55,31,56,-18,-12
3,302503,0.3333,19,55,31,54,-18,-12
3,302504,0.3333,20,55,31,52,-18,-12
3,302505,0.3333,21,55,31,50,-18,-12
3,302556,0.6667,72,55,31,-52,-18,-12
3,302557,0.6667,73,55,31,-54,-18,-12
3,302558,0.6667,74,55,31,-56,-18,-12
3,302559,0.6667,75,55,31,-58,-18,-12
3,302561,0.3333,77,55,31,-62,-18,-12
3,302562,0.6667,78,55,31,-64,-18,-12
3,302591,0.3333,16,56,31,60,-16,-12
3,302592,0.3333,17,56,31,58,-16,-12
3,302593,0.3333,18,56,31,56,-16,-12
3,302594,0.3333,19,56,31,54,-16,-12
3,302595,0.3333,20,56,31,52,-16,-12
3,302596,0.3333,21,56,31,50,-16,-12
3,302646,0.3333,71,56,31,-50,-16,-12
3,302647,0.6667,72,56,31,-52,-16,-12
3,302648,0.6667,73,56,31,-54,-16,-12
3,302649,0.6667,74,56,31,-56,-16,-12
3,302650,0.3333,75,56,31,-58,-16,-12
3,302651,0.6667,76,56,31,-60,-16,-12
3,302652,0.6667,77,56,31,-62,-16,-12
3,302653,0.6667,78,56,31,-64,-16,-12
3,302681,0.3333,15,57,31,62,-14,-12
3,302682,0.3333,16,57,31,60,-14,-12
3,302683,0.6667,17,57,31,58,-14,-12
3,302684,0.6667,18,57,31,56,-14,-12
3,302685,0.3333,19,57,31,54,-14,-12
3,302686,0.3333,20,57,31,52,-14,-12
3,302738,0.6667,72,57,31,-52,-14,-12
3,302739,0.6667,73,57,31,-54,-14,-12
3,302740,0.6667,74,57,31,-56,-14,-12
3,302741,0.6667,75,57,31,-58,-14,-12
3,302742,0.6667,76,57,31,-60,-14,-12
3,302743,0.6667,77,57,31,-62,-14,-12
3,302744,0.3333,78,57,31,-64,-14,-12
3,302771,0.6667,14,58,31,64,-12,-12
3,302772,1.0000,15,58,31,62,-12,-12
3,302773,1.0000,16,58,31,60,-12,-12
3,302774,1.0000,17,58,31,58,-12,-12
3,302775,1.0000,18,58,31,56,-12,-12
3,302776,0.6667,19,58,31,54,-12,-12
3,302832,0.3333,75,58,31,-58,-12,-12
3,302862,0.6667,14,59,31,64,-10,-12
3,302863,1.0000,15,59,31,62,-10,-12
3,302864,1.0000,16,59,31,60,-10,-12
3,302865,1.0000,17,59,31,58,-10,-12
3,302866,0.6667,18,59,31,56,-10,-12
3,302954,0.6667,15,60,31,62,-8,-12
3,302955,1.0000,16,60,31,60,-8,-12
3,302956,0.6667,17,60,31,58,-8,-12
3,303045,0.6667,15,61,31,62,-6,-12
3,303284,0.3333,72,63,31,-52,-2,-12
3,303374,0.3333,71,64,31,-50,0,-12
3,303375,0.6667,72,64,31,-52,0,-12
3,303376,1.0000,73,64,31,-54,0,-12
3,303465,0.3333,71,65,31,-50,2,-12
3,303466,1.0000,72,65,31,-52,2,-12
3,303467,0.3333,73,65,31,-54,2,-12
3,304235,0.6667,22,74,31,48,20,-12
3,304236,0.6667,23,74,31,46,20,-12
3,304237,1.0000,24,74,31,44,20,-12
3,304281,0.3333,68,74,31,-44,20,-12
3,304327,0.3333,23,75,31,46,22,-12
3,304328,1.0000,24,75,31,44,22,-12
3,304419,1.0000,24,76,31,44,24,-12
3,304420,1.0000,25,76,31,42,24,-12
3,304462,0.3333,67,76,31,-42,24,-12
3,304510,0.6667,24,77,31,44,26,-12
3,304511,1.0000,25,77,31,42,26,-12
3,304553,0.3333,67,77,31,-42,26,-12
3,304601,0.3333,24,78,31,44,28,-12
3,304602,0.6667,25,78,31,42,28,-12
3,304643,0.6667,66,78,31,-40,28,-12
3,304644,0.6667,67,78,31,-42,28,-12
3,304645,0.3333,68,78,31,-44,28,-12
3,304693,0.6667,25,79,31,42,30,-12
3,304694,0.6667,26,79,31,40,30,-12
3,304734,0.6667,66,79,31,-40,30,-12
3,304735,0.3333,67,79,31,-42,30,-12
3,304736,0.3333,68,79,31,-44,30,-12
3,304784,0.6667,25,80,31,42,32,-12
3,304826,0.3333,67,80,31,-42,32,-12
3,312243,0.3333,22,53,32,48,-22,-10
3,312244,0.3333,23,53,32,46,-22,-10
3,312245,0.3333,24,53,32,44,-22,-10
3,312295,0.3333,74,53,32,-56,-22,-10
3,312296,0.3333,75,53,32,-58,-22,-10
3,312332,0.3333,20,54,32,52,-20,-10
3,312333,0.3333,21,54,32,50,-20,-10
3,312334,0.3333,22,54,32,48,-20,-10
3,312385,0.6667,73,54,32,-54,-20,-10
3,312386,0.6667,74,54,32,-56,-20,-10
3,312387,0.6667,75,54,32,-58,-20,-10
3,312421,0.3333,18,55,32,56,-18,-10
3,312422,0.3333,19,55,32,54,-18,-10
3,312423,0.3333,20,55,32,52,-18,-10
3,312424,0.3333,21,55,32,50,-18,-10
3,312474,0.3333,71,55,32,-50,-18,-10
3,312475,0.6667,72,55,32,-52,-18,-10
3,312476,0.6667,73,55,32,-54,-18,-10
3,312477,0.6667,74,55,32,-56,-18,-10
3,312478,0.6667,75,55,32,-58,-18,-10
3,312479,0.6667,76,55,32,-60,-18,-10
3,312480,0.3333,77,55,32,-62,-18,-10
3,312510,0.3333,16,56,32,60,-16,-10
3,312511,0.3333,17,56,32,58,-16,-10
3,312512,1.0000,18,56,32,56,-16,-10
3,312513,1.0000,19,56,32,54,-16,-10
3,312514,0.6667,20,56,32,52,-16,-10
3,312565,0.3333,71,56,32,-50,-16,-10
3,312566,0.6667,72,56,32,-52,-16,-10
3,312567,0.6667,73,56,32,-54,-16,-10
3,312568,0.6667,74,56,32,-56,-16,-10
3,312569,0.6667,75,56,32,-58,-16,-10
3,312570,0.6667,76,56,32,-60,-16,-10
3,312571,0.6667,77,56,32,-62,-16,-10
3,312572,0.6667,78,56,32,-64,-16,-10
3,312600,0.3333,15,57,32,62,-14,-10
3,312601,0.3333,16,57,32,60,-14,-10
3,312602,1.0000,17,57,32,58,-14,-10
3,312603,1.0000,18,57,32,56,-14,-10
3,312604,0.6667,19,57,32,54,-14,-10
3,312657,0.6667,72,57,32,-52,-14,-10
3,312658,0.6667,73,57,32,-54,-14,-10
3,312659,0.6667,74,57,32,-56,-14,-10
3,312660,0.6667,75,57,32,-58,-14,-10
3,312661,1.0000,76,57,32,-60,-14,-10
3,312662,1.0000,77,57,32,-62,-14,-10
3,312663,1.0000,78,57,32,-64,-14,-10
3,312690,0.6667,14,58,32,64,-12,-10
3,312691,1.0000,15,58,32,62,-12,-10
3,312692,1.0000,16,58,32,60,-12,-10
3,312693,1.0000,17,58,32,58,-12,-10
3,312694,1.0000,18,58,32,56,-12,-10
3,312695,0.6667,19,58,32,54,-12,-10
3,312750,1.0000,74,58,32,-56,-12,-10
3,312751,1.0000,75,58,32,-58,-12,-10
3,312752,1.0000,76,58,32,-60,-12,-10
3,312753,1.0000,77,58,32,-62,-12,-10
3,312754,0.3333,78,58,32,-64,-12,-10
3,312781,0.6667,14,59,32,64,-10,-10
3,312782,1.0000,15,59,32,62,-10,-10
3,312783,1.0000,16,59,32,60,-10,-10
3,312784,1.0000,17,59,32,58,-10,-10
3,312785,1.0000,18,59,32,56,-10,-10
3,312873,0.6667,15,60,32,62,-8,-10
3,312874,1.0000,16,60,32,60,-8,-10
3,312875,1.0000,17,60,32,58,-8,-10
3,312964,0.6667,15,61,32,62,-6,-10
3,312965,0.6667,16,61,32,60,-6,-10
3,313294,1.0000,72,64,32,-52,0,-10
3,313295,1.0000,73,64,32,-54,0,-10
3,313385,0.6667,72,65,32,-52,2,-10
3,314154,0.3333,22,74,32,48,20,-10
3,314155,0.6667,23,74,32,46,20,-10
3,314156,0.6667,24,74,32,44,20,-10
3,314200,0.6667,68,74,32,-44,20,-10
3,314247,0.6667,24,75,32,44,22,-10
3,314248,0.6667,25,75,32,42,22,-10
3,314290,0.3333,67,75,32,-42,22,-10
3,314291,0.3333,68,75,32,-44,22,-10
3,314338,0.3333,24,76,32,44,24,-10
3,314339,1.0000,25,76,32,42,24,-10
3,314381,0.3333,67,76,32,-42,24,-10
3,314430,0.3333,25,77,32,42,26,-10
3,314471,0.6667,66,77,32,-40,26,-10
3,314472,0.3333,67,77,32,-42,26,-10
3,314562,1.0000,66,78,32,-40,28,-10
3,314563,1.0000,67,78,32,-42,28,-10
3,314608,0.3333,21,79,32,50,30,-10
3,314612,0.3333,25,79,32,42,30,-10
3,314613,0.6667,26,79,32,40,30,-10
3,314653,0.6667,66,79,32,-40,30,-10
3,314654,0.3333,67,79,32,-42,30,-10
3,314745,0.3333,67,80,32,-42,32,-10
3,320884,0.3333,18,39,33,56,-50,-8
3,321154,0.3333,15,42,33,62,-44,-8
3,321245,0.3333,15,43,33,62,-42,-8
3,321246,0.3333,16,43,33,60,-42,-8
3,321336,0.3333,15,44,33,62,-40,-8
3,321482,0.3333,70,45,33,-48,-38,-8
3,321483,0.3333,71,45,33,-50,-38,-8
3,321572,0.3333,69,46,33,-46,-36,-8
3,321573,0.6667,70,46,33,-48,-36,-8
3,321574,0.6667,71,46,33,-50,-36,-8
3,321664,0.3333,70,47,33,-48,-34,-8
3,321665,0.3333,71,47,33,-50,-34,-8
3,321707,0.3333,22,48,33,48,-32,-8
3,321755,0.3333,70,48,33,-48,-32,-8
3,321756,0.3333,71,48,33,-50,-32,-8
3,321797,0.3333,21,49,33,50,-30,-8
3,321798,0.3333,22,49,33,48,-30,-8
3,322214,0.3333,74,53,33,-56,-22,-8
3,322215,0.3333,75,53,33,-58,-22,-8
3,322216,0.3333,76,53,33,-60,-22,-8
3,322251,0.3333,20,54,33,52,-20,-8
3,322304,0.3333,73,54,33,-54,-20,-8
3,322305,0.3333,74,54,33,-56,-20,-8
3,322306,0.6667,75,54,33,-58,-20,-8
3,322307,0.3333,76,54,33,-60,-20,-8
3,322308,0.3333,77,54,33,-62,-20,-8
3,322340,0.3333,18,55,33,56,-18,-8
3,322341,0.3333,19,55,33,54,-18,-8
3,322342,0.6667,20,55,33,52,-18,-8
3,322393,0.3333,71,55,33,-50,-18,-8
3,322394,0.6667,72,55,33,-52,-18,-8
3,322395,0.6667,73,55,33,-54,-18,-8
3,322396,0.6667,74,55,33,-56,-18,-8
3,322397,0.6667,75,55,33,-58,-18,-8
3,322398,1.0000,76,55,33,-60,-18,-8
3,322399,0.3333,77,55,33,-62,-18,-8
3,322429,0.3333,16,56,33,60,-16,-8
3,322430,0.3333,17,56,33,58,-16,-8
3,322431,1.0000,18,56,33,56,-16,-8
3,322432,0.6667,19,56,33,54,-16,-8
3,322433,0.3333,20,56,33,52,-16,-8
3,322484,0.3333,71,56,33,-50,-16,-8
3,322485,1.0000,72,56,33,-52,-16,-8
3,322486,1.0000,73,56,33,-54,-16,-8
3,322487,1.0000,74,56,33,-56,-16,-8
3,322488,1.0000,75,56,33,-58,-16,-8
3,322489,1.0000,76,56,33,-60,-16,-8
3,322520,0.3333,16,57,33,60,-14,-8
3,322521,1.0000,17,57,33,58,-14,-8
3,322522,1.0000,18,57,33,56,-14,-8
3,322523,0.3333,19,57,33,54,-14,-8
3,322576,0.6667,72,57,33,-52,-14,-8
3,322577,1.0000,73,57,33,-54,-14,-8
3,322578,1.0000,74,57,33,-56,-14,-8
3,322579,1.0000,75,57,33,-58,-14,-8
3,322580,1.0000,76,57,33,-60,-14,-8
3,322581,1.0000,77,57,33,-62,-14,-8
3,322582,0.6667,78,57,33,-64,-14,-8
3,322609,0.6667,14,58,33,64,-12,-8
3,322610,1.0000,15,58,33,62,-12,-8
3,322611,1.0000,16,58,33,60,-12,-8
3,322612,1.0000,17,58,33,58,-12,-8
3,322613,1.0000,18,58,33,56,-12,-8
3,322669,1.0000,74,58,33,-56,-12,-8
3,322670,1.0000,75,58,33,-58,-12,-8
3,322671,1.0000,76,58,33,-60,-12,-8
3,322672,1.0000,77,58,33,-62,-12,-8
3,322673,1.0000,78,58,33,-64,-12,-8
3,322700,0.3333,14,59,33,64,-10,-8
3,322701,1.0000,15,59,33,62,-10,-8
3,322702,1.0000,16,59,33,60,-10,-8
3,322703,1.0000,17,59,33,58,-10,-8
3,322704,0.3333,18,59,33,56,-10,-8
3,322761,0.3333,75,59,33,-58,-10,-8
3,322762,1.0000,76,59,33,-60,-10,-8
3,322763,1.0000,77,59,33,-62,-10,-8
3,322764,0.3333,78,59,33,-64,-10,-8
3,322792,0.6667,15,60,33,62,-8,-8
3,322793,1.0000,16,60,33,60,-8,-8
3,322794,0.3333,17,60,33,58,-8,-8
3,322854,0.3333,77,60,33,-62,-8,-8
3,322883,0.3333,15,61,33,62,-6,-8
3,322945,0.3333,77,61,33,-62,-6,-8
3,323123,0.3333,73,63,33,-54,-2,-8
3,323213,0.3333,72,64,33,-52,0,-8
3,323214,0.3333,73,64,33,-54,0,-8
3,323982,0.6667,22,73,33,48,18,-8
3,324073,0.3333,22,74,33,48,20,-8
3,324075,0.6667,24,74,33,44,20,-8
3,324119,0.6667,68,74,33,-44,20,-8
3,324120,0.6667,69,74,33,-46,20,-8
3,324163,0.3333,21,75,33,50,22,-8
3,324164,0.3333,22,75,33,48,22,-8
3,324167,0.3333,25,75,33,42,22,-8
3,324209,0.6667,67,75,33,-42,22,-8
3,324210,0.3333,68,75,33,-44,22,-8
3,324258,0.3333,25,76,33,42,24,-8
3,324300,0.3333,67,76,33,-42,24,-8
3,324390,0.6667,66,77,33,-40,26,-8
3,324391,0.6667,67,77,33,-42,26,-8
3,324481,0.6667,66,78,33,-40,28,-8
3,324482,0.6667,67,78,33,-42,28,-8
3,324532,0.3333,26,79,33,40,30,-8
3,324572,0.6667,66,79,33,-40,30,-8
3,324573,0.6667,67,79,33,-42,30,-8
3,324664,0.6667,67,80,33,-42,32,-8
3,330621,0.3333,18,37,34,56,-54,-6
3,330677,0.3333,74,37,34,-56,-54,-6
3,330678,0.3333,75,37,34,-58,-54,-6
3,330712,0.3333,18,38,34,56,-52,-6
3,330713,0.3333,19,38,34,54,-52,-6
3,330767,0.6667,73,38,34,-54,-52,-6
3,330768,0.3333,74,38,34,-56,-52,-6
3,330769,0.3333,75,38,34,-58,-52,-6
3,330803,0.3333,18,39,34,56,-50,-6
3,330804,0.3333,19,39,34,54,-50,-6
3,330805,0.3333,20,39,34,52,-50,-6
3,330857,0.6667,72,39,34,-52,-50,-6
3,330858,0.3333,73,39,34,-54,-50,-6
3,330859,0.3333,74,39,34,-56,-50,-6
3,330894,0.3333,18,40,34,56,-48,-6
3,330895,0.3333,19,40,34,54,-48,-6
3,330948,0.3333,72,40,34,-52,-48,-6
3,331073,0.3333,15,42,34,62,-44,-6
3,331074,0.3333,16,42,34,60,-44,-6
3,331163,0.3333,14,43,34,64,-42,-6
3,331164,0.3333,15,43,34,62,-42,-6
3,331165,0.3333,16,43,34,60,-42,-6
3,331254,0.3333,14,44,34,64,-40,-6
3,331255,0.3333,15,44,34,62,-40,-6
3,331492,0.3333,70,46,34,-48,-36,-6
3,331493,0.6667,71,46,34,-50,-36,-6
3,331534,0.3333,21,47,34,50,-34,-6
3,331535,0.3333,22,47,34,48,-34,-6
3,331583,0.3333,70,47,34,-48,-34,-6
3,331584,0.6667,71,47,34,-50,-34,-6
3,331585,0.3333,72,47,34,-52,-34,-6
3,331625,0.3333,21,48,34,50,-32,-6
3,331626,0.3333,22,48,34,48,-32,-6
3,331673,0.3333,69,48,34,-46,-32,-6
3,331674,0.6667,70,48,34,-48,-32,-6
3,331675,0.3333,71,48,34,-50,-32,-6
3,331676,0.3333,72,48,34,-52,-32,-6
3,331716,0.3333,21,49,34,50,-30,-6
3,331764,0.6667,69,49,34,-46,-30,-6
3,331765,0.6667,70,49,34,-48,-30,-6
3,331855,0.6667,69,50,34,-46,-28,-6
3,331856,0.3333,70,50,34,-48,-28,-6
3,331946,0.3333,69,51,34,-46,-26,-6
3,331947,0.3333,70,51,34,-48,-26,-6
3,331948,0.3333,71,51,34,-50,-26,-6
3,332079,0.3333,20,53,34,52,-22,-6
3,332133,0.3333,74,53,34,-56,-22,-6
3,332134,0.3333,75,53,34,-58,-22,-6
3,332135,0.3333,76,53,34,-60,-22,-6
3,332170,0.3333,20,54,34,52,-20,-6
3,332224,0.3333,74,54,34,-56,-20,-6
3,332225,0.3333,75,54,34,-58,-20,-6
3,332226,0.3333,76,54,34,-60,-20,-6
3,332227,0.3333,77,54,34,-62,-20,-6
3,332261,0.3333,20,55,34,52,-18,-6
3,332314,0.3333,73,55,34,-54,-18,-6
3,332315,0.6667,74,55,34,-56,-18,-6
3,332316,0.6667,75,55,34,-58,-18,-6
3,332317,1.0000,76,55,34,-60,-18,-6
3,332318,0.3333,77,55,34,-62,-18,-6
3,332348,0.3333,16,56,34,60,-16,-6
3,332404,0.3333,72,56,34,-52,-16,-6
3,332405,1.0000,73,56,34,-54,-16,-6
3,332406,1.0000,74,56,34,-56,-16,-6
3,332407,1.0000,75,56,34,-58,-16,-6
3,332408,1.0000,76,56,34,-60,-16,-6
3,332409,0.3333,77,56,34,-62,-16,-6
3,332496,1.0000,73,57,34,-54,-14,-6
3,332497,1.0000,74,57,34,-56,-14,-6
3,332498,1.0000,75,57,34,-58,-14,-6
3,332499,1.0000,76,57,34,-60,-14,-6
3,332500,1.0000,77,57,34,-62,-14,-6
3,332501,0.6667,78,57,34,-64,-14,-6
3,332528,0.3333,14,58,34,64,-12,-6
3,332588,1.0000,74,58,34,-56,-12,-6
3,332589,1.0000,75,58,34,-58,-12,-6
3,332590,1.0000,76,58,34,-60,-12,-6
3,332591,1.0000,77,58,34,-62,-12,-6
3,332592,1.0000,78,58,34,-64,-12,-6
3,332620,0.3333,15,59,34,62,-10,-6
3,332621,0.3333,16,59,34,60,-10,-6
3,332680,1.0000,75,59,34,-58,-10,-6
3,332681,1.0000,76,59,34,-60,-10,-6
3,332682,1.0000,77,59,34,-62,-10,-6
3,332711,0.3333,15,60,34,62,-8,-6
3,332773,1.0000,77,60,34,-62,-8,-6
3,332863,0.3333,76,61,34,-60,-6,-6
3,332864,0.3333,77,61,34,-62,-6,-6
3,332951,0.3333,73,62,34,-54,-4,-6
3,332952,0.3333,74,62,34,-56,-4,-6
3,333042,0.3333,73,63,34,-54,-2,-6
3,333991,0.3333,21,74,34,50,20,-6
3,333992,0.3333,22,74,34,48,20,-6
3,334039,0.3333,69,74,34,-46,20,-6
3,334041,0.3333,71,74,34,-50,20,-6
3,334082,0.3333,21,75,34,50,22,-6
3,334083,0.3333,22,75,34,48,22,-6
3,334128,0.6667,67,75,34,-42,22,-6
3,334129,0.3333,68,75,34,-44,22,-6
3,334219,0.3333,67,76,34,-42,24,-6
3,334309,0.6667,66,77,34,-40,26,-6
3,334310,0.6667,67,77,34,-42,26,-6
3,334400,0.6667,66,78,34,-40,28,-6
3,334401,0.6667,67,78,34,-42,28,-6
3,334404,0.3333,70,78,34,-48,28,-6
3,334451,0.3333,26,79,34,40,30,-6
3,334491,0.6667,66,79,34,-40,30,-6
3,334492,0.3333,67,79,34,-42,30,-6
3,334583,0.3333,67,80,34,-42,32,-6
3,340449,0.6667,18,36,35,56,-56,-4
3,340450,0.6667,19,36,35,54,-56,-4
3,340504,0.6667,73,36,35,-54,-56,-4
3,340505,0.3333,74,36,35,-56,-56,-4
3,340506,0.3333,75,36,35,-58,-56,-4
3,340540,0.3333,18,37,35,56,-54,-4
3,340541,0.3333,19,37,35,54,-54,-4
3,340542,0.3333,20,37,35,52,-54,-4
3,340594,0.6667,72,37,35,-52,-54,-4
3,340595,0.6667,73,37,35,-54,-54,-4
3,340596,0.3333,74,37,35,-56,-54,-4
3,340597,0.3333,75,37,35,-58,-54,-4
3,340632,0.3333,19,38,35,54,-52,-4
3,340633,0.3333,20,38,35,52,-52,-4
3,340685,0.6667,72,38,35,-52,-52,-4
3,340686,0.6667,73,38,35,-54,-52,-4
3,340687,0.6667,74,38,35,-56,-52,-4
3,340688,0.3333,75,38,35,-58,-52,-4
3,340689,0.3333,76,38,35,-60,-52,-4
3,340722,0.3333,18,39,35,56,-50,-4
3,340723,0.3333,19,39,35,54,-50,-4
3,340724,0.3333,20,39,35,52,-50,-4
3,340725,0.3333,21,39,35,50,-50,-4
3,340775,0.6667,71,39,35,-50,-50,-4
3,340776,0.6667,72,39,35,-52,-50,-4
3,340777,0.3333,73,39,35,-54,-50,-4
3,340778,0.3333,74,39,35,-56,-50,-4
3,340779,0.3333,75,39,35,-58,-50,-4
3,340813,0.3333,18,40,35,56,-48,-4
3,340814,0.3333,19,40,35,54,-48,-4
3,340815,0.3333,20,40,35,52,-48,-4
3,340816,0.3333,21,40,35,50,-48,-4
3,340866,0.3333,71,40,35,-50,-48,-4
3,340867,0.3333,72,40,35,-52,-48,-4
3,340964,0.3333,78,41,35,-64,-46,-4
3,341092,0.3333,24,43,35,44,-42,-4
3,341410,0.3333,69,46,35,-46,-36,-4
3,341411,0.3333,70,46,35,-48,-36,-4
3,341413,0.3333,72,46,35,-52,-36,-4
3,341501,0.3333,69,47,35,-46,-34,-4
3,341502,0.3333,70,47,35,-48,-34,-4
3,341503,0.6667,71,47,35,-50,-34,-4
3,341504,0.3333,72,47,35,-52,-34,-4
3,341544,0.3333,21,48,35,50,-32,-4
3,341545,0.3333,22,48,35,48,-32,-4
3,341592,0.6667,69,48,35,-46,-32,-4
3,341593,0.6667,70,48,35,-48,-32,-4
3,341594,0.6667,71,48,35,-50,-32,-4
3,341683,0.6667,69,49,35,-46,-30,-4
3,341684,0.6667,70,49,35,-48,-30,-4
3,341685,0.3333,71,49,35,-50,-30,-4
3,341774,0.6667,69,50,35,-46,-28,-4
3,341775,0.3333,70,50,35,-48,-28,-4
3,341776,0.3333,71,50,35,-50,-28,-4
3,341865,0.3333,69,51,35,-46,-26,-4
3,341866,0.3333,70,51,35,-48,-26,-4
3,341867,0.3333,71,51,35,-50,-26,-4
3,341868,0.3333,72,51,35,-52,-26,-4
3,341869,0.3333,73,51,35,-54,-26,-4
3,341998,0.3333,20,53,35,52,-22,-4
3,342054,0.3333,76,53,35,-60,-22,-4
3,342055,0.3333,77,53,35,-62,-22,-4
3,342089,0.3333,20,54,35,52,-20,-4
3,342145,0.3333,76,54,35,-60,-20,-4
3,342146,0.3333,77,54,35,-62,-20,-4
3,342177,0.3333,17,55,35,58,-18,-4
3,342178,0.3333,18,55,35,56,-18,-4
3,342234,0.3333,74,55,35,-56,-18,-4
3,342235,0.3333,75,55,35,-58,-18,-4
3,342236,0.3333,76,55,35,-60,-18,-4
3,342237,0.3333,77,55,35,-62,-18,-4
3,342324,0.3333,73,56,35,-54,-16,-4
3,342325,1.0000,74,56,35,-56,-16,-4
3,342326,1.0000,75,56,35,-58,-16,-4
3,342327,1.0000,76,56,35,-60,-16,-4
3,342328,0.6667,77,56,35,-62,-16,-4
3,342415,1.0000,73,57,35,-54,-14,-4
3,342416,1.0000,74,57,35,-56,-14,-4
3,342417,1.0000,75,57,35,-58,-14,-4
3,342418,1.0000,76,57,35,-60,-14,-4
3,342419,1.0000,77,57,35,-62,-14,-4
3,342420,0.6667,78,57,35,-64,-14,-4
3,342507,1.0000,74,58,35,-56,-12,-4
3,342508,1.0000,75,58,35,-58,-12,-4
3,342509,1.0000,76,58,35,-60,-12,-4
3,342510,1.0000,77,58,35,-62,-12,-4
3,342599,0.6667,75,59,35,-58,-10,-4
3,342600,1.0000,76,59,35,-60,-10,-4
3,342601,1.0000,77,59,35,-62,-10,-4
3,342691,0.3333,76,60,35,-60,-8,-4
3,343910,0.3333,21,74,35,50,20,-4
3,343911,0.3333,22,74,35,48,20,-4
3,343960,0.3333,71,74,35,-50,20,-4
3,344001,0.3333,21,75,35,50,22,-4
3,344002,0.3333,22,75,35,48,22,-4
3,344048,0.3333,68,75,35,-44,22,-4
3,344138,0.3333,67,76,35,-42,24,-4
3,344139,0.6667,68,76,35,-44,24,-4
3,344229,0.6667,67,77,35,-42,26,-4
3,344230,0.3333,68,77,35,-44,26,-4
3,344231,0.3333,69,77,35,-46,26,-4
3,344232,0.3333,70,77,35,-48,26,-4
3,344319,0.6667,66,78,35,-40,28,-4
3,344320,0.6667,67,78,35,-42,28,-4
3,344322,0.3333,69,78,35,-46,28,-4
3,344323,0.3333,70,78,35,-48,28,-4
3,350277,0.6667,18,35,36,56,-58,-2
3,350278,0.6667,19,35,36,54,-58,-2
3,350332,0.3333,73,35,36,-54,-58,-2
3,350333,0.3333,74,35,36,-56,-58,-2
3,350367,0.3333,17,36,36,58,-56,-2
3,350368,0.6667,18,36,36,56,-56,-2
3,350369,0.6667,19,36,36,54,-56,-2
3,350370,0.3333,20,36,36,52,-56,-2
3,350422,0.6667,72,36,36,-52,-56,-2
3,350423,0.3333,73,36,36,-54,-56,-2
3,350424,0.3333,74,36,36,-56,-56,-2
3,350458,0.3333,17,37,36,58,-54,-2
3,350459,0.3333,18,37,36,56,-54,-2
3,350460,0.3333,19,37,36,54,-54,-2
3,350461,0.3333,20,37,36,52,-54,-2
3,350512,0.6667,71,37,36,-50,-54,-2
3,350513,0.6667,72,37,36,-52,-54,-2
3,350514,0.3333,73,37,36,-54,-54,-2
3,350515,0.3333,74,37,36,-56,-54,-2
3,350551,0.3333,19,38,36,54,-52,-2
3,350552,0.3333,20,38,36,52,-52,-2
3,350553,0.3333,21,38,36,50,-52,-2
3,350603,0.6667,71,38,36,-50,-52,-2
3,350604,0.6667,72,38,36,-52,-52,-2
3,350605,0.3333,73,38,36,-54,-52,-2
3,350606,0.3333,74,38,36,-56,-52,-2
3,350607,0.3333,75,38,36,-58,-52,-2
3,350642,0.3333,19,39,36,54,-50,-2
3,350643,0.3333,20,39,36,52,-50,-2
3,350644,0.3333,21,39,36,50,-50,-2
3,350645,0.3333,22,39,36,48,-50,-2
3,350693,0.6667,70,39,36,-48,-50,-2
3,350694,0.6667,71,39,36,-50,-50,-2
3,350695,0.6667,72,39,36,-52,-50,-2
3,350696,0.6667,73,39,36,-54,-50,-2
3,350697,0.3333,74,39,36,-56,-50,-2
3,350698,0.3333,75,39,36,-58,-50,-2
3,350733,0.3333,19,40,36,54,-48,-2
3,350734,0.3333,20,40,36,52,-48,-2
3,350735,0.3333,21,40,36,50,-48,-2
3,350784,0.3333,70,40,36,-48,-48,-2
3,350785,0.3333,71,40,36,-50,-48,-2
3,350786,0.3333,72,40,36,-52,-48,-2
3,350883,0.3333,78,41,36,-64,-46,-2
3,351238,0.3333,69,45,36,-46,-38,-2
3,351329,0.3333,69,46,36,-46,-36,-2
3,351330,0.3333,70,46,36,-48,-36,-2
3,351331,0.3333,71,46,36,-50,-36,-2
3,351332,0.3333,72,46,36,-52,-36,-2
3,351419,0.3333,68,47,36,-44,-34,-2
3,351420,0.3333,69,47,36,-46,-34,-2
3,351421,0.3333,70,47,36,-48,-34,-2
3,351422,0.3333,71,47,36,-50,-34,-2
3,351423,0.3333,72,47,36,-52,-34,-2
3,351510,0.3333,68,48,36,-44,-32,-2
3,351511,0.6667,69,48,36,-46,-32,-2
3,351512,0.3333,70,48,36,-48,-32,-2
3,351513,0.3333,71,48,36,-50,-32,-2
3,351601,0.3333,68,49,36,-44,-30,-2
3,351602,0.6667,69,49,36,-46,-30,-2
3,351603,0.6667,70,49,36,-48,-30,-2
3,351604,0.3333,71,49,36,-50,-30,-2
3,351693,0.6667,69,50,36,-46,-28,-2
3,351694,0.3333,70,50,36,-48,-28,-2
3,351695,0.3333,71,50,36,-50,-28,-2
3,351784,0.3333,69,51,36,-46,-26,-2
3,351785,0.3333,70,51,36,-48,-26,-2
3,351786,0.3333,71,51,36,-50,-26,-2
3,351787,0.3333,72,51,36,-52,-26,-2
3,351788,0.3333,73,51,36,-54,-26,-2
3,351969,0.3333,72,53,36,-52,-22,-2
3,351974,0.3333,77,53,36,-62,-22,-2
3,352064,0.3333,76,54,36,-60,-20,-2
3,352065,0.3333,77,54,36,-62,-20,-2
3,352097,0.3333,18,55,36,56,-18,-2
3,352155,0.3333,76,55,36,-60,-18,-2
3,352156,0.6667,77,55,36,-62,-18,-2
3,352244,0.3333,74,56,36,-56,-16,-2
3,352245,0.6667,75,56,36,-58,-16,-2
3,352246,0.6667,76,56,36,-60,-16,-2
3,352247,0.6667,77,56,36,-62,-16,-2
3,352335,1.0000,74,57,36,-56,-14,-2
3,352336,1.0000,75,57,36,-58,-14,-2
3,352337,1.0000,76,57,36,-60,-14,-2
3,352338,1.0000,77,57,36,-62,-14,-2
3,352426,0.6667,74,58,36,-56,-12,-2
3,352427,1.0000,75,58,36,-58,-12,-2
3,352428,1.0000,76,58,36,-60,-12,-2
3,352429,1.0000,77,58,36,-62,-12,-2
3,352519,0.6667,76,59,36,-60,-10,-2
3,353880,0.3333,72,74,36,-52,20,-2
3,353920,0.3333,21,75,36,50,22,-2
3,354010,0.3333,20,76,36,52,24,-2
3,354148,0.3333,67,77,36,-42,26,-2
3,354149,0.3333,68,77,36,-44,26,-2
3,354150,0.6667,69,77,36,-46,26,-2
3,354239,0.3333,67,78,36,-42,28,-2
3,354240,0.3333,68,78,36,-44,28,-2
3,354241,0.3333,69,78,36,-46,28,-2
3,354242,0.3333,70,78,36,-48,28,-2
3,360105,0.6667,18,34,37,56,-60,0
3,360106,0.6667,19,34,37,54,-60,0
3,360160,0.3333,73,34,37,-54,-60,0
3,360161,0.3333,74,34,37,-56,-60,0
3,360195,0.3333,17,35,37,58,-58,0
3,360196,0.6667,18,35,37,56,-58,0
3,360197,0.6667,19,35,37,54,-58,0
3,360250,0.3333,72,35,37,-52,-58,0
3,360251,0.3333,73,35,37,-54,-58,0
3,360286,0.3333,17,36,37,58,-56,0
3,360287,0.6667,18,36,37,56,-56,0
3,360288,0.6667,19,36,37,54,-56,0
3,360340,0.6667,71,36,37,-50,-56,0
3,360341,0.3333,72,36,37,-52,-56,0
3,360378,0.3333,18,37,37,56,-54,0
3,360379,0.3333,19,37,37,54,-54,0
3,360431,0.6667,71,37,37,-50,-54,0
3,360432,0.3333,72,37,37,-52,-54,0
3,360470,0.3333,19,38,37,54,-52,0
3,360471,0.3333,20,38,37,52,-52,0
3,360521,0.3333,70,38,37,-48,-52,0
3,360522,0.6667,71,38,37,-50,-52,0
3,360523,0.3333,72,38,37,-52,-52,0
3,360524,0.3333,73,38,37,-54,-52,0
3,360525,0.3333,74,38,37,-56,-52,0
3,360562,0.3333,20,39,37,52,-50,0
3,360563,0.3333,21,39,37,50,-50,0
3,360564,0.3333,22,39,37,48,-50,0
3,360565,0.3333,23,39,37,46,-50,0
3,360611,0.3333,69,39,37,-46,-50,0
3,360612,0.6667,70,39,37,-48,-50,0
3,360613,0.6667,71,39,37,-50,-50,0
3,360614,0.6667,72,39,37,-52,-50,0
3,360615,0.3333,73,39,37,-54,-50,0
3,360616,0.3333,74,39,37,-56,-50,0
3,360617,0.3333,75,39,37,-58,-50,0
3,360656,0.3333,23,40,37,46,-48,0
3,360702,0.3333,69,40,37,-46,-48,0
3,360703,0.3333,70,40,37,-48,-48,0
3,360704,0.3333,71,40,37,-50,-48,0
3,360707,0.3333,74,40,37,-56,-48,0
3,360708,0.3333,75,40,37,-58,-48,0
3,361157,0.3333,69,45,37,-46,-38,0
3,361248,0.3333,69,46,37,-46,-36,0
3,361249,0.3333,70,46,37,-48,-36,0
3,361338,0.3333,68,47,37,-44,-34,0
3,361339,0.3333,69,47,37,-46,-34,0
3,361340,0.3333,70,47,37,-48,-34,0
3,361341,0.3333,71,47,37,-50,-34,0
3,361429,0.6667,68,48,37,-44,-32,0
3,361430,0.3333,69,48,37,-46,-32,0
3,361431,0.3333,70,48,37,-48,-32,0
3,361432,0.3333,71,48,37,-50,-32,0
3,361520,0.3333,68,49,37,-44,-30,0
3,361521,0.6667,69,49,37,-46,-30,0
3,361522,0.3333,70,49,37,-48,-30,0
3,361523,0.3333,71,49,37,-50,-30,0
3,361612,0.3333,69,50,37,-46,-28,0
3,361613,0.3333,70,50,37,-48,-28,0
3,361614,0.3333,71,50,37,-50,-28,0
3,361703,0.3333,69,51,37,-46,-26,0
3,361704,0.3333,70,51,37,-48,-26,0
3,361705,0.3333,71,51,37,-50,-26,0
3,361706,0.3333,72,51,37,-52,-26,0
3,361888,0.3333,72,53,37,-52,-22,0
3,361985,0.3333,78,54,37,-64,-20,0
3,362016,0.3333,18,55,37,56,-18,0
3,362165,0.3333,76,56,37,-60,-16,0
3,362166,0.6667,77,56,37,-62,-16,0
3,362256,0.6667,76,57,37,-60,-14,0
3,363928,0.3333,19,76,37,54,24,0
3,363929,0.3333,20,76,37,52,24,0
3,364019,0.3333,19,77,37,54,26,0
3,364068,0.3333,68,77,37,-44,26,0
3,364158,0.3333,67,78,37,-42,28,0
3,369988,0.3333,73,33,38,-54,-62,2
3,370024,0.3333,18,34,38,56,-60,2
3,370025,0.3333,19,34,38,54,-60,2
3,370078,0.3333,72,34,38,-52,-60,2
3,370080,0.3333,74,34,38,-56,-60,2
3,370081,0.3333,75,34,38,-58,-60,2
3,370115,0.6667,18,35,38,56,-58,2
3,370116,0.3333,19,35,38,54,-58,2
3,370168,0.3333,71,35,38,-50,-58,2
3,370206,0.3333,18,36,38,56,-56,2
3,370207,0.3333,19,36,38,54,-56,2
3,370393,0.3333,23,38,38,46,-52,2
3,370439,0.3333,69,38,38,-46,-52,2
3,370484,0.3333,23,39,38,46,-50,2
3,370530,0.3333,69,39,38,-46,-50,2
3,370534,0.3333,73,39,38,-54,-50,2
3,370535,0.3333,74,39,38,-56,-50,2
3,370536,0.3333,75,39,38,-58,-50,2
3,370626,0.6667,74,40,38,-56,-48,2
3,370627,0.6667,75,40,38,-58,-48,2
3,371076,0.3333,69,45,38,-46,-38,2
3,371166,0.3333,68,46,38,-44,-36,2
3,371167,0.3333,69,46,38,-46,-36,2
3,371168,0.3333,70,46,38,-48,-36,2
3,371257,0.6667,68,47,38,-44,-34,2
3,371258,0.3333,69,47,38,-46,-34,2
3,371259,0.3333,70,47,38,-48,-34,2
3,371348,0.3333,68,48,38,-44,-32,2
3,371349,0.3333,69,48,38,-46,-32,2
3,371350,0.3333,70,48,38,-48,-32,2
3,371439,0.3333,68,49,38,-44,-30,2
3,371440,0.3333,69,49,38,-46,-30,2
3,371441,0.3333,70,49,38,-48,-30,2
3,371531,0.3333,69,50,38,-46,-28,2
3,371532,0.3333,70,50,38,-48,-28,2
3,371533,0.3333,71,50,38,-50,-28,2
3,371624,0.3333,71,51,38,-50,-26,2
3,373756,0.3333,19,75,38,54,22,2
3,373847,0.3333,19,76,38,54,24,2
3,373848,0.3333,20,76,38,52,24,2
3,373938,0.3333,19,77,38,54,26,2
3,379906,0.6667,72,33,39,-52,-62,4
3,379908,0.3333,74,33,39,-56,-62,4
3,379996,0.6667,71,34,39,-50,-60,4
3,379999,0.3333,74,34,39,-56,-60,4
3,380000,0.3333,75,34,39,-58,-60,4
3,380453,0.3333,73,39,39,-54,-50,4
3,380454,0.3333,74,39,39,-56,-50,4
3,380455,0.3333,75,39,39,-58,-50,4
3,380544,0.3333,73,40,39,-54,-48,4
3,380545,0.6667,74,40,39,-56,-48,4
3,380546,0.6667,75,40,39,-58,-48,4
3,380911,0.3333,76,44,39,-60,-40,4
3,380912,0.3333,77,44,39,-62,-40,4
3,381086,0.6667,69,46,39,-46,-36,4
3,381176,0.6667,68,47,39,-44,-34,4
3,381177,0.6667,69,47,39,-46,-34,4
3,381178,0.3333,70,47,39,-48,-34,4
3,381267,0.3333,68,48,39,-44,-32,4
3,381268,0.3333,69,48,39,-46,-32,4
3,383547,0.3333,73,73,39,-54,18,4
3,383675,0.3333,19,75,39,54,22,4
3,383766,0.3333,19,76,39,54,24,4
3,383767,0.3333,20,76,39,52,24,4
3,383857,0.3333,19,77,39,54,26,4
3,389680,0.3333,18,32,40,56,-64,6
3,389681,0.3333,19,32,40,54,-64,6
3,389682,0.3333,20,32,40,52,-64,6
3,389734,0.3333,72,32,40,-52,-64,6
3,389774,0.3333,21,33,40,50,-62,6
3,389824,0.6667,71,33,40,-50,-62,6
3,389827,0.3333,74,33,40,-56,-62,6
3,389828,0.3333,75,33,40,-58,-62,6
3,389865,0.3333,21,34,40,50,-60,6
3,389866,0.3333,22,34,40,48,-60,6
3,389914,0.6667,70,34,40,-48,-60,6
3,389918,0.3333,74,34,40,-56,-60,6
3,389919,0.3333,75,34,40,-58,-60,6
3,390049,0.6667,23,36,40,46,-56,6
3,390095,0.3333,69,36,40,-46,-56,6
3,390140,0.3333,23,37,40,46,-54,6
3,390232,0.6667,24,38,40,44,-52,6
3,390373,0.3333,74,39,40,-56,-50,6
3,390374,0.3333,75,39,40,-58,-50,6
3,390464,0.3333,74,40,40,-56,-48,6
3,390830,0.3333,76,44,40,-60,-40,6
3,399510,0.3333,20,31,41,52,-66,8
3,399562,1.0000,72,31,41,-52,-66,8
3,399599,0.3333,18,32,41,56,-64,8
3,399600,0.3333,19,32,41,54,-64,8
3,399601,0.3333,20,32,41,52,-64,8
3,399602,0.3333,21,32,41,50,-64,8
3,399652,1.0000,71,32,41,-50,-64,8
3,399653,0.6667,72,32,41,-52,-64,8
3,399692,0.3333,20,33,41,52,-62,8
3,399693,0.3333,21,33,41,50,-62,8
3,399694,0.3333,22,33,41,48,-62,8
3,399742,1.0000,70,33,41,-48,-62,8
3,399743,0.6667,71,33,41,-50,-62,8
3,399784,0.6667,21,34,41,50,-60,8
3,399785,0.3333,22,34,41,48,-60,8
3,399786,0.3333,23,34,41,46,-60,8
3,399832,1.0000,69,34,41,-46,-60,8
3,399833,0.6667,70,34,41,-48,-60,8
3,399876,0.6667,22,35,41,48,-58,8
3,399877,0.6667,23,35,41,46,-58,8
3,399923,1.0000,69,35,41,-46,-58,8
3,399967,0.3333,22,36,41,48,-56,8
3,399968,1.0000,23,36,41,46,-56,8
3,399969,1.0000,24,36,41,44,-56,8
3,400013,1.0000,68,36,41,-44,-56,8
3,400055,0.3333,19,37,41,54,-54,8
3,400058,0.3333,22,37,41,48,-54,8
3,400059,1.0000,23,37,41,46,-54,8
3,400060,1.0000,24,37,41,44,-54,8
3,400104,0.6667,68,37,41,-44,-54,8
3,400146,0.6667,19,38,41,54,-52,8
3,400147,1.0000,20,38,41,52,-52,8
3,400148,0.6667,21,38,41,50,-52,8
3,400149,0.3333,22,38,41,48,-52,8
3,400150,0.6667,23,38,41,46,-52,8
3,400151,1.0000,24,38,41,44,-52,8
3,400152,1.0000,25,38,41,42,-52,8
3,400194,1.0000,67,38,41,-42,-52,8
3,400239,0.3333,21,39,41,50,-50,8
3,400242,0.6667,24,39,41,44,-50,8
3,400243,0.6667,25,39,41,42,-50,8
3,400285,0.3333,67,39,41,-42,-50,8
3,400296,0.3333,78,39,41,-64,-50,8
3,403293,0.3333,72,72,41,-52,16,8
3,403294,0.6667,73,72,41,-54,16,8
3,403295,0.6667,74,72,41,-56,16,8
3,403384,0.3333,72,73,41,-52,18,8
3,403385,1.0000,73,73,41,-54,18,8
3,403386,0.6667,74,73,41,-56,18,8
3,403476,0.3333,73,74,41,-54,20,8
3,403477,0.6667,74,74,41,-56,20,8
3,409428,0.3333,19,31,42,54,-66,10
3,409429,0.3333,20,31,42,52,-66,10
3,409430,0.3333,21,31,42,50,-66,10
3,409431,0.3333,22,31,42,48,-66,10
3,409479,1.0000,70,31,42,-48,-66,10
3,409480,1.0000,71,31,42,-50,-66,10
3,409481,1.0000,72,31,42,-52,-66,10
3,409482,0.6667,73,31,42,-54,-66,10
3,409519,0.3333,19,32,42,54,-64,10
3,409520,0.3333,20,32,42,52,-64,10
3,409521,0.3333,21,32,42,50,-64,10
3,409522,0.3333,22,32,42,48,-64,10
3,409570,1.0000,70,32,42,-48,-64,10
3,409571,1.0000,71,32,42,-50,-64,10
3,409572,0.6667,72,32,42,-52,-64,10
3,409574,0.6667,74,32,42,-56,-64,10
3,409610,0.3333,19,33,42,54,-62,10
3,409611,0.3333,20,33,42,52,-62,10
3,409612,0.3333,21,33,42,50,-62,10
3,409613,0.3333,22,33,42,48,-62,10
3,409661,1.0000,70,33,42,-48,-62,10
3,409662,0.6667,71,33,42,-50,-62,10
3,409703,0.3333,21,34,42,50,-60,10
3,409704,0.3333,22,34,42,48,-60,10
3,409752,0.3333,70,34,42,-48,-60,10
3,409791,0.3333,18,35,42,56,-58,10
3,409794,0.3333,21,35,42,50,-58,10
3,409795,0.6667,22,35,42,48,-58,10
3,409796,0.6667,23,35,42,46,-58,10
3,409797,0.6667,24,35,42,44,-58,10
3,409798,0.3333,25,35,42,42,-58,10
3,409840,1.0000,67,35,42,-42,-58,10
3,409841,1.0000,68,35,42,-44,-58,10
3,409842,0.6667,69,35,42,-46,-58,10
3,409882,0.3333,18,36,42,56,-56,10
3,409883,0.3333,19,36,42,54,-56,10
3,409886,0.6667,22,36,42,48,-56,10
3,409887,0.6667,23,36,42,46,-56,10
3,409888,1.0000,24,36,42,44,-56,10
3,409889,1.0000,25,36,42,42,-56,10
3,409931,1.0000,67,36,42,-42,-56,10
3,409932,1.0000,68,36,42,-44,-56,10
3,409973,0.3333,18,37,42,56,-54,10
3,409974,0.6667,19,37,42,54,-54,10
3,409975,1.0000,20,37,42,52,-54,10
3,409976,0.6667,21,37,42,50,-54,10
3,409977,0.6667,22,37,42,48,-54,10
3,409978,0.6667,23,37,42,46,-54,10
3,409979,1.0000,24,37,42,44,-54,10
3,409980,1.0000,25,37,42,42,-54,10
3,410022,1.0000,67,37,42,-42,-54,10
3,410023,0.3333,68,37,42,-44,-54,10
3,410063,0.3333,17,38,42,58,-52,10
3,410064,0.3333,18,38,42,56,-52,10
3,410065,1.0000,19,38,42,54,-52,10
3,410066,1.0000,20,38,42,52,-52,10
3,410067,0.6667,21,38,42,50,-52,10
3,410070,1.0000,24,38,42,44,-52,10
3,410071,1.0000,25,38,42,42,-52,10
3,410072,0.3333,26,38,42,40,-52,10
3,410112,1.0000,66,38,42,-40,-52,10
3,410113,1.0000,67,38,42,-42,-52,10
3,410114,0.3333,68,38,42,-44,-52,10
3,410115,0.3333,69,38,42,-46,-52,10
3,410116,0.3333,70,38,42,-48,-52,10
3,410117,0.3333,71,38,42,-50,-52,10
3,410153,0.6667,16,39,42,60,-50,10
3,410154,0.6667,17,39,42,58,-50,10
3,410155,0.3333,18,39,42,56,-50,10
3,410156,0.3333,19,39,42,54,-50,10
3,410157,0.3333,20,39,42,52,-50,10
3,410161,1.0000,24,39,42,44,-50,10
3,410162,1.0000,25,39,42,42,-50,10
3,410163,1.0000,26,39,42,40,-50,10
3,410203,1.0000,66,39,42,-40,-50,10
3,410204,1.0000,67,39,42,-42,-50,10
3,410206,0.3333,69,39,42,-46,-50,10
3,410207,0.3333,70,39,42,-48,-50,10
3,410208,0.3333,71,39,42,-50,-50,10
3,410251,0.3333,23,40,42,46,-48,10
3,410252,0.6667,24,40,42,44,-48,10
3,410253,1.0000,25,40,42,42,-48,10
3,410254,0.3333,26,40,42,40,-48,10
3,410294,0.3333,66,40,42,-40,-48,10
3,410342,0.3333,23,41,42,46,-46,10
3,410343,0.3333,24,41,42,44,-46,10
3,410396,0.3333,77,41,42,-62,-46,10
3,410428,0.3333,18,42,42,56,-44,10
3,410429,0.3333,19,42,42,54,-44,10
3,410486,0.3333,76,42,42,-60,-44,10
3,410519,0.3333,18,43,42,56,-42,10
3,410568,0.6667,67,43,42,-42,-42,10
3,410609,0.3333,17,44,42,58,-40,10
3,410700,0.3333,17,45,42,58,-38,10
3,413121,0.3333,72,71,42,-52,14,10
3,413122,0.3333,73,71,42,-54,14,10
3,413123,0.6667,74,71,42,-56,14,10
3,413212,0.3333,72,72,42,-52,16,10
3,413213,0.3333,73,72,42,-54,16,10
3,413214,0.6667,74,72,42,-56,16,10
3,413303,0.3333,72,73,42,-52,18,10
3,413304,1.0000,73,73,42,-54,18,10
3,413305,1.0000,74,73,42,-56,18,10
3,413396,0.3333,74,74,42,-56,20,10
3,413432,0.3333,19,75,42,54,22,10
3,419257,0.6667,20,30,43,52,-68,12
3,419258,0.6667,21,30,43,50,-68,12
3,419308,1.0000,71,30,43,-50,-68,12
3,419309,0.6667,72,30,43,-52,-68,12
3,419347,0.3333,19,31,43,54,-66,12
3,419348,0.6667,20,31,43,52,-66,12
3,419349,0.6667,21,31,43,50,-66,12
3,419396,1.0000,68,31,43,-44,-66,12
3,419399,1.0000,71,31,43,-50,-66,12
3,419400,1.0000,72,31,43,-52,-66,12
3,419401,0.6667,73,31,43,-54,-66,12
3,419402,0.6667,74,31,43,-56,-66,12
3,419438,0.3333,19,32,43,54,-64,12
3,419439,0.3333,20,32,43,52,-64,12
3,419440,0.3333,21,32,43,50,-64,12
3,419486,0.6667,67,32,43,-42,-64,12
3,419487,1.0000,68,32,43,-44,-64,12
3,419490,1.0000,71,32,43,-50,-64,12
3,419491,0.6667,72,32,43,-52,-64,12
3,419492,0.6667,73,32,43,-54,-64,12
3,419493,0.6667,74,32,43,-56,-64,12
3,419494,0.6667,75,32,43,-58,-64,12
3,419530,0.3333,20,33,43,52,-62,12
3,419531,0.3333,21,33,43,50,-62,12
3,419577,0.6667,67,33,43,-42,-62,12
3,419578,1.0000,68,33,43,-44,-62,12
3,419581,0.3333,71,33,43,-50,-62,12
3,419583,0.3333,73,33,43,-54,-62,12
3,419584,0.3333,74,33,43,-56,-62,12
3,419619,0.3333,18,34,43,56,-60,12
3,419622,0.3333,21,34,43,50,-60,12
3,419623,0.6667,22,34,43,48,-60,12
3,419671,0.3333,70,34,43,-48,-60,12
3,419709,0.3333,17,35,43,58,-58,12
3,419710,0.3333,18,35,43,56,-58,12
3,419711,0.3333,19,35,43,54,-58,12
3,419713,0.3333,21,35,43,50,-58,12
3,419714,0.6667,22,35,43,48,-58,12
3,419715,0.6667,23,35,43,46,-58,12
3,419716,0.6667,24,35,43,44,-58,12
3,419717,0.6667,25,35,43,42,-58,12
3,419758,1.0000,66,35,43,-40,-58,12
3,419759,1.0000,67,35,43,-42,-58,12
3,419760,1.0000,68,35,43,-44,-58,12
3,419800,0.3333,17,36,43,58,-56,12
3,419801,0.6667,18,36,43,56,-56,12
3,419802,0.6667,19,36,43,54,-56,12
3,419803,1.0000,20,36,43,52,-56,12
3,419804,0.6667,21,36,43,50,-56,12
3,419805,0.6667,22,36,43,48,-56,12
3,419806,0.6667,23,36,43,46,-56,12
3,419807,0.6667,24,36,43,44,-56,12
3,419808,0.6667,25,36,43,42,-56,12
3,419849,1.0000,66,36,43,-40,-56,12
3,419850,1.0000,67,36,43,-42,-56,12
3,419851,0.6667,68,36,43,-44,-56,12
3,419891,0.3333,17,37,43,58,-54,12
3,419892,0.6667,18,37,43,56,-54,12
3,419893,1.0000,19,37,43,54,-54,12
3,419894,1.0000,20,37,43,52,-54,12
3,419895,0.6667,21,37,43,50,-54,12
3,419896,0.3333,22,37,43,48,-54,12
3,419897,0.6667,23,37,43,46,-54,12
3,419898,1.0000,24,37,43,44,-54,12
3,419899,1.0000,25,37,43,42,-54,12
3,419900,0.3333,26,37,43,40,-54,12
3,419940,1.0000,66,37,43,-40,-54,12
3,419941,1.0000,67,37,43,-42,-54,12
3,419942,0.3333,68,37,43,-44,-54,12
3,419981,0.3333,16,38,43,60,-52,12
3,419982,0.3333,17,38,43,58,-52,12
3,419983,0.6667,18,38,43,56,-52,12
3,419984,1.0000,19,38,43,54,-52,12
3,419985,1.0000,20,38,43,52,-52,12
3,419986,0.6667,21,38,43,50,-52,12
3,419989,1.0000,24,38,43,44,-52,12
3,419990,1.0000,25,38,43,42,-52,12
3,419991,1.0000,26,38,43,40,-52,12
3,420031,1.0000,66,38,43,-40,-52,12
3,420032,1.0000,67,38,43,-42,-52,12
3,420033,0.6667,68,38,43,-44,-52,12
3,420034,0.6667,69,38,43,-46,-52,12
3,420035,0.6667,70,38,43,-48,-52,12
3,420036,0.3333,71,38,43,-50,-52,12
3,420037,0.3333,72,38,43,-52,-52,12
3,420038,0.3333,73,38,43,-54,-52,12
3,420040,0.3333,75,38,43,-58,-52,12
3,420041,0.3333,76,38,43,-60,-52,12
3,420071,0.3333,15,39,43,62,-50,12
3,420072,0.6667,16,39,43,60,-50,12
3,420073,0.6667,17,39,43,58,-50,12
3,420074,0.3333,18,39,43,56,-50,12
3,420075,0.3333,19,39,43,54,-50,12
3,420076,0.3333,20,39,43,52,-50,12
3,420080,1.0000,24,39,43,44,-50,12
3,420081,1.0000,25,39,43,42,-50,12
3,420082,1.0000,26,39,43,40,-50,12
3,420122,1.0000,66,39,43,-40,-50,12
3,420123,1.0000,67,39,43,-42,-50,12
3,420124,1.0000,68,39,43,-44,-50,12
3,420125,1.0000,69,39,43,-46,-50,12
3,420126,0.6667,70,39,43,-48,-50,12
3,420127,0.6667,71,39,43,-50,-50,12
3,420163,0.3333,16,40,43,60,-48,12
3,420164,0.3333,17,40,43,58,-48,12
3,420170,0.3333,23,40,43,46,-48,12
3,420171,0.6667,24,40,43,44,-48,12
3,420172,1.0000,25,40,43,42,-48,12
3,420173,1.0000,26,40,43,40,-48,12
3,420213,1.0000,66,40,43,-40,-48,12
3,420214,1.0000,67,40,43,-42,-48,12
3,420215,1.0000,68,40,43,-44,-48,12
3,420216,0.3333,69,40,43,-46,-48,12
3,420254,0.3333,16,41,43,60,-46,12
3,420255,0.3333,17,41,43,58,-46,12
3,420256,0.3333,18,41,43,56,-46,12
3,420257,0.3333,19,41,43,54,-46,12
3,420260,0.3333,22,41,43,48,-46,12
3,420261,0.3333,23,41,43,46,-46,12
3,420262,0.3333,24,41,43,44,-46,12
3,420263,0.3333,25,41,43,42,-46,12
3,420315,0.3333,77,41,43,-62,-46,12
3,420346,0.3333,17,42,43,58,-44,12
3,420347,0.3333,18,42,43,56,-44,12
3,420348,0.3333,19,42,43,54,-44,12
3,420349,0.3333,20,42,43,52,-44,12
3,420405,0.3333,76,42,43,-60,-44,12
3,420406,0.6667,77,42,43,-62,-44,12
3,420437,0.3333,17,43,43,58,-42,12
3,420438,0.3333,18,43,43,56,-42,12
3,420439,0.3333,19,43,43,54,-42,12
3,420440,0.3333,20,43,43,52,-42,12
3,420441,0.3333,21,43,43,50,-42,12
3,420496,0.6667,76,43,43,-60,-42,12
3,420528,0.3333,17,44,43,58,-40,12
3,420529,0.3333,18,44,43,56,-40,12
3,420619,0.3333,17,45,43,58,-38,12
3,423040,0.3333,72,71,43,-52,14,12
3,423041,0.3333,73,71,43,-54,14,12
3,423080,0.3333,21,72,43,50,16,12
3,423131,0.3333,72,72,43,-52,16,12
3,423132,0.3333,73,72,43,-54,16,12
3,423133,0.6667,74,72,43,-56,16,12
3,423134,0.3333,75,72,43,-58,16,12
3,423222,0.6667,72,73,43,-52,18,12
3,423223,1.0000,73,73,43,-54,18,12
3,423224,0.6667,74,73,43,-56,18,12
3,423260,0.6667,19,74,43,54,20,12
3,423261,0.3333,20,74,43,52,20,12
3,423311,0.3333,70,74,43,-48,20,12
3,423312,0.3333,71,74,43,-50,20,12
3,423313,0.3333,72,74,43,-52,20,12
3,423314,0.3333,73,74,43,-54,20,12
3,423315,0.3333,74,74,43,-56,20,12
3,423350,0.6667,18,75,43,56,22,12
3,423351,0.6667,19,75,43,54,22,12
3,423352,1.0000,20,75,43,52,22,12
3,423353,0.3333,21,75,43,50,22,12
3,423401,0.3333,69,75,43,-46,22,12
3,423404,0.3333,72,75,43,-52,22,12
3,423405,0.3333,73,75,43,-54,22,12
3,423406,0.3333,74,75,43,-56,22,12
3,423407,0.3333,75,75,43,-58,22,12
3,423441,0.3333,18,76,43,56,24,12
3,423442,0.3333,19,76,43,54,24,12
3,423443,1.0000,20,76,43,52,24,12
3,423444,0.6667,21,76,43,50,24,12
3,423445,0.3333,22,76,43,48,24,12
3,423492,0.3333,69,76,43,-46,24,12
3,423532,0.3333,18,77,43,56,26,12
3,423533,0.3333,19,77,43,54,26,12
3,423535,0.3333,21,77,43,50,26,12
3,429134,0.6667,69,29,44,-46,-70,14
3,429179,0.6667,23,30,44,46,-68,14
3,429223,1.0000,67,30,44,-42,-68,14
3,429224,1.0000,68,30,44,-44,-68,14
3,429225,1.0000,69,30,44,-46,-68,14
3,429270,0.3333,23,31,44,46,-66,14
3,429313,0.6667,66,31,44,-40,-66,14
3,429314,1.0000,67,31,44,-42,-66,14
3,429315,1.0000,68,31,44,-44,-66,14
3,429316,1.0000,69,31,44,-46,-66,14
3,429361,0.3333,23,32,44,46,-64,14
3,429362,0.3333,24,32,44,44,-64,14
3,429406,1.0000,68,32,44,-44,-64,14
3,429407,1.0000,69,32,44,-46,-64,14
3,429453,0.3333,24,33,44,44,-62,14
3,429496,0.3333,67,33,44,-42,-62,14
3,429497,1.0000,68,33,44,-44,-62,14
3,429501,0.3333,72,33,44,-52,-62,14
3,429502,0.3333,73,33,44,-54,-62,14
3,429503,0.3333,74,33,44,-56,-62,14
3,429541,0.3333,21,34,44,50,-60,14
3,429592,0.3333,72,34,44,-52,-60,14
3,429593,0.6667,73,34,44,-54,-60,14
3,429594,0.3333,74,34,44,-56,-60,14
3,429629,0.3333,18,35,44,56,-58,14
3,429630,0.3333,19,35,44,54,-58,14
3,429631,0.3333,20,35,44,52,-58,14
3,429632,0.6667,21,35,44,50,-58,14
3,429633,0.6667,22,35,44,48,-58,14
3,429634,0.6667,23,35,44,46,-58,14
3,429635,0.6667,24,35,44,44,-58,14
3,429636,0.3333,25,35,44,42,-58,14
3,429678,0.6667,67,35,44,-42,-58,14
3,429719,0.3333,17,36,44,58,-56,14
3,429720,0.6667,18,36,44,56,-56,14
3,429721,0.3333,19,36,44,54,-56,14
3,429722,0.3333,20,36,44,52,-56,14
3,429723,1.0000,21,36,44,50,-56,14
3,429724,0.6667,22,36,44,48,-56,14
3,429725,0.6667,23,36,44,46,-56,14
3,429726,0.6667,24,36,44,44,-56,14
3,429727,1.0000,25,36,44,42,-56,14
3,429768,1.0000,66,36,44,-40,-56,14
3,429769,0.6667,67,36,44,-42,-56,14
3,429810,0.3333,17,37,44,58,-54,14
3,429811,0.6667,18,37,44,56,-54,14
3,429812,1.0000,19,37,44,54,-54,14
3,429813,1.0000,20,37,44,52,-54,14
3,429814,0.6667,21,37,44,50,-54,14
3,429815,0.6667,22,37,44,48,-54,14
3,429817,0.6667,24,37,44,44,-54,14
3,429818,1.0000,25,37,44,42,-54,14
3,429819,1.0000,26,37,44,40,-54,14
3,429858,1.0000,65,37,44,-38,-54,14
3,429859,1.0000,66,37,44,-40,-54,14
3,429860,1.0000,67,37,44,-42,-54,14
3,429866,0.3333,73,37,44,-54,-54,14
3,429867,0.3333,74,37,44,-56,-54,14
3,429868,0.3333,75,37,44,-58,-54,14
3,429901,0.6667,17,38,44,58,-52,14
3,429902,0.6667,18,38,44,56,-52,14
3,429903,1.0000,19,38,44,54,-52,14
3,429904,1.0000,20,38,44,52,-52,14
3,429905,0.6667,21,38,44,50,-52,14
3,429908,1.0000,24,38,44,44,-52,14
3,429909,1.0000,25,38,44,42,-52,14
3,429910,1.0000,26,38,44,40,-52,14
3,429949,1.0000,65,38,44,-38,-52,14
3,429950,1.0000,66,38,44,-40,-52,14
3,429951,1.0000,67,38,44,-42,-52,14
3,429952,1.0000,68,38,44,-44,-52,14
3,429953,1.0000,69,38,44,-46,-52,14
3,429954,1.0000,70,38,44,-48,-52,14
3,429955,0.3333,71,38,44,-50,-52,14
3,429956,0.3333,72,38,44,-52,-52,14
3,429957,0.3333,73,38,44,-54,-52,14
3,429958,0.6667,74,38,44,-56,-52,14
3,429959,0.6667,75,38,44,-58,-52,14
3,429960,0.6667,76,38,44,-60,-52,14
3,429991,0.6667,16,39,44,60,-50,14
3,429992,0.6667,17,39,44,58,-50,14
3,429993,0.6667,18,39,44,56,-50,14
3,429994,0.6667,19,39,44,54,-50,14
3,429995,0.6667,20,39,44,52,-50,14
3,429996,0.3333,21,39,44,50,-50,14
3,429999,0.6667,24,39,44,44,-50,14
3,430000,1.0000,25,39,44,42,-50,14
3,430001,1.0000,26,39,44,40,-50,14
3,430002,0.6667,27,39,44,38,-50,14
3,430040,0.6667,65,39,44,-38,-50,14
3,430041,1.0000,66,39,44,-40,-50,14
3,430042,1.0000,67,39,44,-42,-50,14
3,430043,1.0000,68,39,44,-44,-50,14
3,430044,1.0000,69,39,44,-46,-50,14
3,430045,1.0000,70,39,44,-48,-50,14
3,430046,0.3333,71,39,44,-50,-50,14
3,430047,0.3333,72,39,44,-52,-50,14
3,430048,0.3333,73,39,44,-54,-50,14
3,430049,0.6667,74,39,44,-56,-50,14
3,430050,0.6667,75,39,44,-58,-50,14
3,430051,0.6667,76,39,44,-60,-50,14
3,430081,0.3333,15,40,44,62,-48,14
3,430082,0.6667,16,40,44,60,-48,14
3,430083,0.6667,17,40,44,58,-48,14
3,430084,0.3333,18,40,44,56,-48,14
3,430085,0.3333,19,40,44,54,-48,14
3,430086,0.3333,20,40,44,52,-48,14
3,430087,0.3333,21,40,44,50,-48,14
3,430088,0.3333,22,40,44,48,-48,14
3,430089,0.3333,23,40,44,46,-48,14
3,430090,0.6667,24,40,44,44,-48,14
3,430091,1.0000,25,40,44,42,-48,14
3,430092,1.0000,26,40,44,40,-48,14
3,430093,0.6667,27,40,44,38,-48,14
3,430131,0.6667,65,40,44,-38,-48,14
3,430132,1.0000,66,40,44,-40,-48,14
3,430133,1.0000,67,40,44,-42,-48,14
3,430134,1.0000,68,40,44,-44,-48,14
3,430135,1.0000,69,40,44,-46,-48,14
3,430136,1.0000,70,40,44,-48,-48,14
3,430137,0.6667,71,40,44,-50,-48,14
3,430173,0.3333,16,41,44,60,-46,14
3,430174,0.3333,17,41,44,58,-46,14
3,430175,0.6667,18,41,44,56,-46,14
3,430176,0.6667,19,41,44,54,-46,14
3,430177,0.3333,20,41,44,52,-46,14
3,430178,0.3333,21,41,44,50,-46,14
3,430179,0.3333,22,41,44,48,-46,14
3,430180,0.3333,23,41,44,46,-46,14
3,430181,0.6667,24,41,44,44,-46,14
3,430182,0.3333,25,41,44,42,-46,14
3,430183,0.6667,26,41,44,40,-46,14
3,430224,0.6667,67,41,44,-42,-46,14
3,430225,1.0000,68,41,44,-44,-46,14
3,430226,1.0000,69,41,44,-46,-46,14
3,430227,1.0000,70,41,44,-48,-46,14
3,430228,0.3333,71,41,44,-50,-46,14
3,430234,0.3333,77,41,44,-62,-46,14
3,430264,0.3333,16,42,44,60,-44,14
3,430265,0.3333,17,42,44,58,-44,14
3,430266,0.3333,18,42,44,56,-44,14
3,430267,0.6667,19,42,44,54,-44,14
3,430268,0.3333,20,42,44,52,-44,14
3,430269,0.3333,21,42,44,50,-44,14
3,430319,0.6667,71,42,44,-50,-44,14
3,430320,0.6667,72,42,44,-52,-44,14
3,430321,0.6667,73,42,44,-54,-44,14
3,430322,0.6667,74,42,44,-56,-44,14
3,430323,0.3333,75,42,44,-58,-44,14
3,430324,0.3333,76,42,44,-60,-44,14
3,430325,0.3333,77,42,44,-62,-44,14
3,430356,0.3333,17,43,44,58,-42,14
3,430357,0.3333,18,43,44,56,-42,14
3,430358,0.3333,19,43,44,54,-42,14
3,430359,0.3333,20,43,44,52,-42,14
3,430360,0.3333,21,43,44,50,-42,14
3,430410,0.6667,71,43,44,-50,-42,14
3,430411,0.6667,72,43,44,-52,-42,14
3,430412,0.3333,73,43,44,-54,-42,14
3,430415,0.3333,76,43,44,-60,-42,14
3,432999,0.3333,21,72,44,50,16,14
3,433000,0.3333,22,72,44,48,16,14
3,433051,0.3333,73,72,44,-54,16,14
3,433089,0.3333,20,73,44,52,18,14
3,433090,0.3333,21,73,44,50,18,14
3,433141,0.6667,72,73,44,-52,18,14
3,433142,0.3333,73,73,44,-54,18,14
3,433143,0.3333,74,73,44,-56,18,14
3,433178,0.3333,18,74,44,56,20,14
3,433179,0.6667,19,74,44,54,20,14
3,433180,1.0000,20,74,44,52,20,14
3,433181,0.6667,21,74,44,50,20,14
3,433229,0.6667,69,74,44,-46,20,14
3,433230,0.3333,70,74,44,-48,20,14
3,433231,0.6667,71,74,44,-50,20,14
3,433232,0.3333,72,74,44,-52,20,14
3,433233,0.3333,73,74,44,-54,20,14
3,433234,0.3333,74,74,44,-56,20,14
3,433268,0.6667,17,75,44,58,22,14
3,433269,0.6667,18,75,44,56,22,14
3,433270,1.0000,19,75,44,54,22,14
3,433271,1.0000,20,75,44,52,22,14
3,433272,0.6667,21,75,44,50,22,14
3,433273,0.3333,22,75,44,48,22,14
3,433320,0.6667,69,75,44,-46,22,14
3,433321,0.3333,70,75,44,-48,22,14
3,433322,0.3333,71,75,44,-50,22,14
3,433323,0.3333,72,75,44,-52,22,14
3,433324,0.3333,73,75,44,-54,22,14
3,433325,0.3333,74,75,44,-56,22,14
3,433326,0.3333,75,75,44,-58,22,14
3,433359,0.6667,17,76,44,58,24,14
3,433360,0.6667,18,76,44,56,24,14
3,433361,1.0000,19,76,44,54,24,14
3,433362,1.0000,20,76,44,52,24,14
3,433363,0.3333,21,76,44,50,24,14
3,433364,0.3333,22,76,44,48,24,14
3,433411,0.3333,69,76,44,-46,24,14
3,433451,0.3333,18,77,44,56,26,14
3,433452,0.3333,19,77,44,54,26,14
3,433453,0.6667,20,77,44,52,26,14
3,433454,0.3333,21,77,44,50,26,14
3,438962,0.6667,69,28,45,-46,-72,16
3,438963,1.0000,70,28,45,-48,-72,16
3,439051,1.0000,67,29,45,-42,-70,16
3,439052,1.0000,68,29,45,-44,-70,16
3,439053,0.6667,69,29,45,-46,-70,16
3,439054,0.3333,70,29,45,-48,-70,16
3,439055,0.3333,71,29,45,-50,-70,16
3,439056,1.0000,72,29,45,-52,-70,16
3,439096,0.6667,21,30,45,50,-68,16
3,439097,0.6667,22,30,45,48,-68,16
3,439098,0.6667,23,30,45,46,-68,16
3,439099,0.3333,24,30,45,44,-68,16
3,439141,0.6667,66,30,45,-40,-68,16
3,439142,1.0000,67,30,45,-42,-68,16
3,439143,1.0000,68,30,45,-44,-68,16
3,439144,1.0000,69,30,45,-46,-68,16
3,439145,0.6667,70,30,45,-48,-68,16
3,439146,0.6667,71,30,45,-50,-68,16
3,439147,1.0000,72,30,45,-52,-68,16
3,439148,1.0000,73,30,45,-54,-68,16
3,439187,0.3333,21,31,45,50,-66,16
3,439188,0.6667,22,31,45,48,-66,16
3,439189,1.0000,23,31,45,46,-66,16
3,439190,0.6667,24,31,45,44,-66,16
3,439232,0.3333,66,31,45,-40,-66,16
3,439233,1.0000,67,31,45,-42,-66,16
3,439234,1.0000,68,31,45,-44,-66,16
3,439235,1.0000,69,31,45,-46,-66,16
3,439236,1.0000,70,31,45,-48,-66,16
3,439238,1.0000,72,31,45,-52,-66,16
3,439239,0.6667,73,31,45,-54,-66,16
3,439279,0.3333,22,32,45,48,-64,16
3,439280,0.3333,23,32,45,46,-64,16
3,439281,0.6667,24,32,45,44,-64,16
3,439325,0.6667,68,32,45,-44,-64,16
3,439326,1.0000,69,32,45,-46,-64,16
3,439327,0.3333,70,32,45,-48,-64,16
3,439371,0.3333,23,33,45,46,-62,16
3,439372,0.3333,24,33,45,44,-62,16
3,439373,0.3333,25,33,45,42,-62,16
3,439511,0.6667,72,34,45,-52,-60,16
3,439512,0.3333,73,34,45,-54,-60,16
3,439551,0.3333,21,35,45,50,-58,16
3,439553,0.3333,23,35,45,46,-58,16
3,439558,0.3333,28,35,45,36,-58,16
3,439639,0.3333,18,36,45,56,-56,16
3,439640,0.3333,19,36,45,54,-56,16
3,439641,0.3333,20,36,45,52,-56,16
3,439642,0.3333,21,36,45,50,-56,16
3,439643,0.6667,22,36,45,48,-56,16
3,439644,0.3333,23,36,45,46,-56,16
3,439694,0.3333,73,36,45,-54,-56,16
3,439730,0.6667,18,37,45,56,-54,16
3,439731,0.6667,19,37,45,54,-54,16
3,439732,0.6667,20,37,45,52,-54,16
3,439733,1.0000,21,37,45,50,-54,16
3,439734,0.6667,22,37,45,48,-54,16
3,439736,0.3333,24,37,45,44,-54,16
3,439737,1.0000,25,37,45,42,-54,16
3,439784,0.3333,72,37,45,-52,-54,16
3,439785,0.3333,73,37,45,-54,-54,16
3,439786,0.3333,74,37,45,-56,-54,16
3,439787,0.3333,75,37,45,-58,-54,16
3,439820,0.3333,17,38,45,58,-52,16
3,439821,0.6667,18,38,45,56,-52,16
3,439822,0.6667,19,38,45,54,-52,16
3,439823,1.0000,20,38,45,52,-52,16
3,439824,0.6667,21,38,45,50,-52,16
3,439825,0.3333,22,38,45,48,-52,16
3,439827,0.6667,24,38,45,44,-52,16
3,439828,1.0000,25,38,45,42,-52,16
3,439829,0.6667,26,38,45,40,-52,16
3,439868,0.3333,65,38,45,-38,-52,16
3,439869,1.0000,66,38,45,-40,-52,16
3,439870,1.0000,67,38,45,-42,-52,16
3,439872,0.6667,69,38,45,-46,-52,16
3,439873,0.6667,70,38,45,-48,-52,16
3,439874,0.3333,71,38,45,-50,-52,16
3,439875,0.3333,72,38,45,-52,-52,16
3,439876,0.3333,73,38,45,-54,-52,16
3,439877,0.6667,74,38,45,-56,-52,16
3,439878,0.6667,75,38,45,-58,-52,16
3,439879,0.6667,76,38,45,-60,-52,16
3,439910,0.3333,16,39,45,60,-50,16
3,439911,0.6667,17,39,45,58,-50,16
3,439912,0.6667,18,39,45,56,-50,16
3,439913,0.6667,19,39,45,54,-50,16
3,439914,0.6667,20,39,45,52,-50,16
3,439915,0.3333,21,39,45,50,-50,16
3,439917,0.3333,23,39,45,46,-50,16
3,439918,0.6667,24,39,45,44,-50,16
3,439919,1.0000,25,39,45,42,-50,16
3,439920,1.0000,26,39,45,40,-50,16
3,439921,0.6667,27,39,45,38,-50,16
3,439959,0.6667,65,39,45,-38,-50,16
3,439960,1.0000,66,39,45,-40,-50,16
3,439961,1.0000,67,39,45,-42,-50,16
3,439962,1.0000,68,39,45,-44,-50,16
3,439963,1.0000,69,39,45,-46,-50,16
3,439964,1.0000,70,39,45,-48,-50,16
3,439965,0.6667,71,39,45,-50,-50,16
3,439966,0.3333,72,39,45,-52,-50,16
3,439967,0.6667,73,39,45,-54,-50,16
3,439968,0.6667,74,39,45,-56,-50,16
3,439969,0.6667,75,39,45,-58,-50,16
3,439970,0.6667,76,39,45,-60,-50,16
3,440000,0.3333,15,40,45,62,-48,16
3,440001,1.0000,16,40,45,60,-48,16
3,440002,0.6667,17,40,45,58,-48,16
3,440003,0.6667,18,40,45,56,-48,16
3,440004,0.6667,19,40,45,54,-48,16
3,440005,0.3333,20,40,45,52,-48,16
3,440006,0.3333,21,40,45,50,-48,16
3,440007,0.3333,22,40,45,48,-48,16
3,440008,0.3333,23,40,45,46,-48,16
3,440009,0.6667,24,40,45,44,-48,16
3,440010,1.0000,25,40,45,42,-48,16
3,440011,1.0000,26,40,45,40,-48,16
3,440012,1.0000,27,40,45,38,-48,16
3,440050,0.6667,65,40,45,-38,-48,16
3,440051,1.0000,66,40,45,-40,-48,16
3,440052,1.0000,67,40,45,-42,-48,16
3,440053,1.0000,68,40,45,-44,-48,16
3,440054,1.0000,69,40,45,-46,-48,16
3,440055,1.0000,70,40,45,-48,-48,16
3,440056,0.6667,71,40,45,-50,-48,16
3,440057,0.6667,72,40,45,-52,-48,16
3,440058,0.6667,73,40,45,-54,-48,16
3,440059,0.3333,74,40,45,-56,-48,16
3,440090,0.3333,14,41,45,64,-46,16
3,440091,0.3333,15,41,45,62,-46,16
3,440092,0.6667,16,41,45,60,-46,16
3,440093,0.6667,17,41,45,58,-46,16
3,440094,0.6667,18,41,45,56,-46,16
3,440095,0.6667,19,41,45,54,-46,16
3,440096,0.3333,20,41,45,52,-46,16
3,440097,0.3333,21,41,45,50,-46,16
3,440101,0.3333,25,41,45,42,-46,16
3,440102,1.0000,26,41,45,40,-46,16
3,440143,0.3333,67,41,45,-42,-46,16
3,440144,0.6667,68,41,45,-44,-46,16
3,440145,1.0000,69,41,45,-46,-46,16
3,440146,1.0000,70,41,45,-48,-46,16
3,440147,1.0000,71,41,45,-50,-46,16
3,440148,0.6667,72,41,45,-52,-46,16
3,440149,0.6667,73,41,45,-54,-46,16
3,440150,0.6667,74,41,45,-56,-46,16
3,440181,0.3333,14,42,45,64,-44,16
3,440182,0.3333,15,42,45,62,-44,16
3,440183,0.3333,16,42,45,60,-44,16
3,440184,0.3333,17,42,45,58,-44,16
3,440185,0.6667,18,42,45,56,-44,16
3,440186,0.6667,19,42,45,54,-44,16
3,440187,0.3333,20,42,45,52,-44,16
3,440237,0.6667,70,42,45,-48,-44,16
3,440238,1.0000,71,42,45,-50,-44,16
3,440239,1.0000,72,42,45,-52,-44,16
3,440240,1.0000,73,42,45,-54,-44,16
3,440241,1.0000,74,42,45,-56,-44,16
3,440242,0.3333,75,42,45,-58,-44,16
3,440273,0.3333,15,43,45,62,-42,16
3,440276,0.3333,18,43,45,56,-42,16
3,440277,0.3333,19,43,45,54,-42,16
3,440279,0.3333,21,43,45,50,-42,16
3,440329,0.6667,71,43,45,-50,-42,16
3,440330,1.0000,72,43,45,-52,-42,16
3,440331,1.0000,73,43,45,-54,-42,16
3,440332,0.6667,74,43,45,-56,-42,16
3,440333,0.6667,75,43,45,-58,-42,16
3,440334,0.3333,76,43,45,-60,-42,16
3,443007,0.3333,19,73,45,54,18,16
3,443008,0.3333,20,73,45,52,18,16
3,443009,0.3333,21,73,45,50,18,16
3,443056,0.6667,68,73,45,-44,18,16
3,443057,0.3333,69,73,45,-46,18,16
3,443097,0.6667,18,74,45,56,20,16
3,443098,1.0000,19,74,45,54,20,16
3,443099,1.0000,20,74,45,52,20,16
3,443100,0.6667,21,74,45,50,20,16
3,443101,0.3333,22,74,45,48,20,16
3,443147,0.6667,68,74,45,-44,20,16
3,443148,0.6667,69,74,45,-46,20,16
3,443149,0.3333,70,74,45,-48,20,16
3,443150,0.6667,71,74,45,-50,20,16
3,443151,0.3333,72,74,45,-52,20,16
3,443152,0.3333,73,74,45,-54,20,16
3,443153,0.3333,74,74,45,-56,20,16
3,443187,0.6667,17,75,45,58,22,16
3,443188,0.6667,18,75,45,56,22,16
3,443189,1.0000,19,75,45,54,22,16
3,443190,1.0000,20,75,45,52,22,16
3,443191,0.6667,21,75,45,50,22,16
3,443192,0.3333,22,75,45,48,22,16
3,443193,0.3333,23,75,45,46,22,16
3,443238,0.6667,68,75,45,-44,22,16
3,443239,0.6667,69,75,45,-46,22,16
3,443240,0.3333,70,75,45,-48,22,16
3,443241,0.3333,71,75,45,-50,22,16
3,443242,0.3333,72,75,45,-52,22,16
3,443243,0.3333,73,75,45,-54,22,16
3,443244,0.3333,74,75,45,-56,22,16
3,443278,0.6667,17,76,45,58,24,16
3,443279,0.6667,18,76,45,56,24,16
3,443280,1.0000,19,76,45,54,24,16
3,443281,1.0000,20,76,45,52,24,16
3,443282,0.3333,21,76,45,50,24,16
3,443370,0.6667,18,77,45,56,26,16
3,443371,0.6667,19,77,45,54,26,16
3,443372,0.6667,20,77,45,52,26,16
3,443421,0.3333,69,77,45,-46,26,16
3,443462,0.3333,19,78,45,54,28,16
3,448969,0.6667,66,29,46,-40,-70,18
3,448970,0.6667,67,29,46,-42,-70,18
3,448971,0.3333,68,29,46,-44,-70,18
3,448972,0.3333,69,29,46,-46,-70,18
3,448973,0.3333,70,29,46,-48,-70,18
3,448974,0.3333,71,29,46,-50,-70,18
3,448975,0.3333,72,29,46,-52,-70,18
3,449014,0.3333,20,30,46,52,-68,18
3,449015,0.6667,21,30,46,50,-68,18
3,449016,0.6667,22,30,46,48,-68,18
3,449017,0.6667,23,30,46,46,-68,18
3,449018,0.6667,24,30,46,44,-68,18
3,449061,0.6667,67,30,46,-42,-68,18
3,449062,1.0000,68,30,46,-44,-68,18
3,449063,1.0000,69,30,46,-46,-68,18
3,449064,0.3333,70,30,46,-48,-68,18
3,449065,0.3333,71,30,46,-50,-68,18
3,449066,0.6667,72,30,46,-52,-68,18
3,449067,1.0000,73,30,46,-54,-68,18
3,449107,0.6667,22,31,46,48,-66,18
3,449108,1.0000,23,31,46,46,-66,18
3,449109,1.0000,24,31,46,44,-66,18
3,449110,0.6667,25,31,46,42,-66,18
3,449153,1.0000,68,31,46,-44,-66,18
3,449154,1.0000,69,31,46,-46,-66,18
3,449155,1.0000,70,31,46,-48,-66,18
3,449199,1.0000,23,32,46,46,-64,18
3,449200,1.0000,24,32,46,44,-64,18
3,449201,0.6667,25,32,46,42,-64,18
3,449245,0.3333,69,32,46,-46,-64,18
3,449290,0.3333,23,33,46,46,-62,18
3,449291,0.3333,24,33,46,44,-62,18
3,449292,0.3333,25,33,46,42,-62,18
3,449430,0.3333,72,34,46,-52,-60,18
3,449477,0.3333,28,35,46,36,-58,18
3,449521,0.3333,72,35,46,-52,-58,18
3,449558,0.3333,18,36,46,56,-56,18
3,449561,0.6667,21,36,46,50,-56,18
3,449562,0.6667,22,36,46,48,-56,18
3,449650,0.3333,19,37,46,54,-54,18
3,449651,0.3333,20,37,46,52,-54,18
3,449652,0.6667,21,37,46,50,-54,18
3,449653,0.6667,22,37,46,48,-54,18
3,449654,0.3333,23,37,46,46,-54,18
3,449655,0.3333,24,37,46,44,-54,18
3,449656,0.3333,25,37,46,42,-54,18
3,449704,0.3333,73,37,46,-54,-54,18
3,449705,0.3333,74,37,46,-56,-54,18
3,449706,0.3333,75,37,46,-58,-54,18
3,449739,0.3333,17,38,46,58,-52,18
3,449740,0.3333,18,38,46,56,-52,18
3,449741,0.6667,19,38,46,54,-52,18
3,449742,0.6667,20,38,46,52,-52,18
3,449743,0.6667,21,38,46,50,-52,18
3,449744,0.3333,22,38,46,48,-52,18
3,449745,0.3333,23,38,46,46,-52,18
3,449746,0.3333,24,38,46,44,-52,18
3,449747,0.6667,25,38,46,42,-52,18
3,449748,0.3333,26,38,46,40,-52,18
3,449788,0.3333,66,38,46,-40,-52,18
3,449789,0.3333,67,38,46,-42,-52,18
3,449795,0.3333,73,38,46,-54,-52,18
3,449796,0.3333,74,38,46,-56,-52,18
3,449797,0.6667,75,38,46,-58,-52,18
3,449798,0.3333,76,38,46,-60,-52,18
3,449830,0.6667,17,39,46,58,-50,18
3,449831,1.0000,18,39,46,56,-50,18
3,449832,1.0000,19,39,46,54,-50,18
3,449833,0.6667,20,39,46,52,-50,18
3,449834,0.3333,21,39,46,50,-50,18
3,449837,0.6667,24,39,46,44,-50,18
3,449838,0.6667,25,39,46,42,-50,18
3,449839,1.0000,26,39,46,40,-50,18
3,449840,1.0000,27,39,46,38,-50,18
3,449878,0.3333,65,39,46,-38,-50,18
3,449879,0.6667,66,39,46,-40,-50,18
3,449880,0.3333,67,39,46,-42,-50,18
3,449881,0.3333,68,39,46,-44,-50,18
3,449883,0.6667,70,39,46,-48,-50,18
3,449884,0.3333,71,39,46,-50,-50,18
3,449885,0.3333,72,39,46,-52,-50,18
3,449886,0.3333,73,39,46,-54,-50,18
3,449887,0.6667,74,39,46,-56,-50,18
3,449888,0.6667,75,39,46,-58,-50,18
3,449889,0.3333,76,39,46,-60,-50,18
3,449918,0.3333,14,40,46,64,-48,18
3,449919,0.3333,15,40,46,62,-48,18
3,449920,0.3333,16,40,46,60,-48,18
3,449921,0.6667,17,40,46,58,-48,18
3,449922,0.6667,18,40,46,56,-48,18
3,449923,0.6667,19,40,46,54,-48,18
3,449924,0.3333,20,40,46,52,-48,18
3,449925,0.3333,21,40,46,50,-48,18
3,449928,0.3333,24,40,46,44,-48,18
3,449929,0.3333,25,40,46,42,-48,18
3,449930,1.0000,26,40,46,40,-48,18
3,449931,1.0000,27,40,46,38,-48,18
3,449969,0.3333,65,40,46,-38,-48,18
3,449970,0.3333,66,40,46,-40,-48,18
3,449971,0.3333,67,40,46,-42,-48,18
3,449972,0.3333,68,40,46,-44,-48,18
3,449973,0.6667,69,40,46,-46,-48,18
3,449974,1.0000,70,40,46,-48,-48,18
3,449975,0.6667,71,40,46,-50,-48,18
3,449976,0.6667,72,40,46,-52,-48,18
3,449977,0.6667,73,40,46,-54,-48,18
3,449978,0.3333,74,40,46,-56,-48,18
3,449979,0.3333,75,40,46,-58,-48,18
3,450009,0.3333,14,41,46,64,-46,18
3,450010,0.3333,15,41,46,62,-46,18
3,450011,0.3333,16,41,46,60,-46,18
3,450012,0.3333,17,41,46,58,-46,18
3,450013,0.6667,18,41,46,56,-46,18
3,450014,0.6667,19,41,46,54,-46,18
3,450020,0.3333,25,41,46,42,-46,18
3,450021,1.0000,26,41,46,40,-46,18
3,450061,0.3333,66,41,46,-40,-46,18
3,450062,0.3333,67,41,46,-42,-46,18
3,450063,0.3333,68,41,46,-44,-46,18
3,450064,0.3333,69,41,46,-46,-46,18
3,450065,0.6667,70,41,46,-48,-46,18
3,450066,0.6667,71,41,46,-50,-46,18
3,450067,0.6667,72,41,46,-52,-46,18
3,450068,0.6667,73,41,46,-54,-46,18
3,450069,0.6667,74,41,46,-56,-46,18
3,450100,0.3333,14,42,46,64,-44,18
3,450101,0.3333,15,42,46,62,-44,18
3,450102,0.3333,16,42,46,60,-44,18
3,450103,0.3333,17,42,46,58,-44,18
3,450104,0.3333,18,42,46,56,-44,18
3,450157,1.0000,71,42,46,-50,-44,18
3,450158,1.0000,72,42,46,-52,-44,18
3,450159,1.0000,73,42,46,-54,-44,18
3,450160,1.0000,74,42,46,-56,-44,18
3,450191,0.3333,14,43,46,64,-42,18
3,450192,0.3333,15,43,46,62,-42,18
3,450248,0.3333,71,43,46,-50,-42,18
3,450249,0.6667,72,43,46,-52,-42,18
3,450250,0.6667,73,43,46,-54,-42,18
3,450251,0.6667,74,43,46,-56,-42,18
3,450252,0.3333,75,43,46,-58,-42,18
3,450253,0.3333,76,43,46,-60,-42,18
3,450254,0.3333,77,43,46,-62,-42,18
3,450283,0.3333,15,44,46,62,-40,18
3,450341,0.3333,73,44,46,-54,-40,18
3,452926,0.3333,19,73,46,54,18,18
3,452932,0.3333,25,73,46,42,18,18
3,452974,0.3333,67,73,46,-42,18,18
3,452975,0.3333,68,73,46,-44,18,18
3,452976,0.3333,69,73,46,-46,18,18
3,452981,0.3333,74,73,46,-56,18,18
3,453016,0.6667,18,74,46,56,20,18
3,453017,1.0000,19,74,46,54,20,18
3,453018,1.0000,20,74,46,52,20,18
3,453019,0.6667,21,74,46,50,20,18
3,453020,0.6667,22,74,46,48,20,18
3,453021,0.3333,23,74,46,46,20,18
3,453022,0.3333,24,74,46,44,20,18
3,453023,0.3333,25,74,46,42,20,18
3,453065,0.6667,67,74,46,-42,20,18
3,453066,0.6667,68,74,46,-44,20,18
3,453067,0.6667,69,74,46,-46,20,18
3,453068,0.3333,70,74,46,-48,20,18
3,453069,0.3333,71,74,46,-50,20,18
3,453070,0.3333,72,74,46,-52,20,18
3,453071,0.3333,73,74,46,-54,20,18
3,453072,0.3333,74,74,46,-56,20,18
3,453106,0.6667,17,75,46,58,22,18
3,453107,0.6667,18,75,46,56,22,18
3,453108,1.0000,19,75,46,54,22,18
3,453109,1.0000,20,75,46,52,22,18
3,453110,0.3333,21,75,46,50,22,18
3,453111,0.3333,22,75,46,48,22,18
3,453112,0.3333,23,75,46,46,22,18
3,453157,0.6667,68,75,46,-44,22,18
3,453158,0.6667,69,75,46,-46,22,18
3,453159,0.3333,70,75,46,-48,22,18
3,453160,0.3333,71,75,46,-50,22,18
3,453161,0.3333,72,75,46,-52,22,18
3,453197,0.6667,17,76,46,58,24,18
3,453198,0.6667,18,76,46,56,24,18
3,453199,1.0000,19,76,46,54,24,18
3,453200,0.6667,20,76,46,52,24,18
3,453201,0.6667,21,76,46,50,24,18
3,453249,0.3333,69,76,46,-46,24,18
3,453289,0.6667,18,77,46,56,26,18
3,453290,1.0000,19,77,46,54,26,18
3,453291,0.6667,20,77,46,52,26,18
3,453340,0.3333,69,77,46,-46,26,18
3,453381,0.3333,19,78,46,54,28,18
3,458797,0.3333,66,28,47,-40,-72,20
3,458842,0.3333,20,29,47,52,-70,20
3,458845,0.3333,23,29,47,46,-70,20
3,458846,0.3333,24,29,47,44,-70,20
3,458894,0.3333,72,29,47,-52,-70,20
3,458933,0.3333,20,30,47,52,-68,20
3,458934,0.6667,21,30,47,50,-68,20
3,458935,0.6667,22,30,47,48,-68,20
3,458936,0.6667,23,30,47,46,-68,20
3,458937,0.6667,24,30,47,44,-68,20
3,458982,0.6667,69,30,47,-46,-68,20
3,458983,0.3333,70,30,47,-48,-68,20
3,459024,0.3333,20,31,47,52,-66,20
3,459026,0.3333,22,31,47,48,-66,20
3,459027,0.6667,23,31,47,46,-66,20
3,459028,0.6667,24,31,47,44,-66,20
3,459029,0.3333,25,31,47,42,-66,20
3,459030,0.3333,26,31,47,40,-66,20
3,459073,1.0000,69,31,47,-46,-66,20
3,459074,0.6667,70,31,47,-48,-66,20
3,459119,0.6667,24,32,47,44,-64,20
3,459120,0.6667,25,32,47,42,-64,20
3,459121,0.3333,26,32,47,40,-64,20
3,459164,0.3333,69,32,47,-46,-64,20
3,459210,0.3333,24,33,47,44,-62,20
3,459211,0.3333,25,33,47,42,-62,20
3,459396,0.3333,28,35,47,36,-58,20
3,459431,0.3333,63,35,47,-34,-58,20
3,459480,0.3333,21,36,47,50,-56,20
3,459481,0.3333,22,36,47,48,-56,20
3,459482,0.3333,23,36,47,46,-56,20
3,459571,0.3333,21,37,47,50,-54,20
3,459572,0.3333,22,37,47,48,-54,20
3,459573,0.3333,23,37,47,46,-54,20
3,459574,0.3333,24,37,47,44,-54,20
3,459575,0.3333,25,37,47,42,-54,20
3,459663,0.3333,22,38,47,48,-52,20
3,459664,0.3333,23,38,47,46,-52,20
3,459665,0.3333,24,38,47,44,-52,20
3,459666,0.3333,25,38,47,42,-52,20
3,459667,0.3333,26,38,47,40,-52,20
3,459755,0.3333,23,39,47,46,-50,20
3,459756,0.3333,24,39,47,44,-50,20
3,459757,0.3333,25,39,47,42,-50,20
3,459758,0.6667,26,39,47,40,-50,20
3,459759,0.6667,27,39,47,38,-50,20
3,459798,0.3333,66,39,47,-40,-50,20
3,459799,0.3333,67,39,47,-42,-50,20
3,459847,0.3333,24,40,47,44,-48,20
3,459848,0.3333,25,40,47,42,-48,20
3,459849,0.6667,26,40,47,40,-48,20
3,459850,1.0000,27,40,47,38,-48,20
3,459889,0.3333,66,40,47,-40,-48,20
3,459890,0.3333,67,40,47,-42,-48,20
3,459891,0.3333,68,40,47,-44,-48,20
3,459897,0.3333,74,40,47,-56,-48,20
3,459929,0.3333,15,41,47,62,-46,20
3,459930,0.3333,16,41,47,60,-46,20
3,459931,0.3333,17,41,47,58,-46,20
3,459939,0.3333,25,41,47,42,-46,20
3,459940,0.3333,26,41,47,40,-46,20
3,459980,0.3333,66,41,47,-40,-46,20
3,459981,0.3333,67,41,47,-42,-46,20
3,459982,0.3333,68,41,47,-44,-46,20
3,459985,0.3333,71,41,47,-50,-46,20
3,459986,0.6667,72,41,47,-52,-46,20
3,459987,0.6667,73,41,47,-54,-46,20
3,459988,0.3333,74,41,47,-56,-46,20
3,460019,0.3333,14,42,47,64,-44,20
3,460020,0.3333,15,42,47,62,-44,20
3,460021,0.3333,16,42,47,60,-44,20
3,460022,0.3333,17,42,47,58,-44,20
3,460077,0.3333,72,42,47,-52,-44,20
3,460078,0.3333,73,42,47,-54,-44,20
3,460079,0.3333,74,42,47,-56,-44,20
3,460111,0.3333,15,43,47,62,-42,20
3,460112,0.3333,16,43,47,60,-42,20
3,460113,0.3333,17,43,47,58,-42,20
3,460168,0.3333,72,43,47,-52,-42,20
3,460169,0.3333,73,43,47,-54,-42,20
3,460170,0.3333,74,43,47,-56,-42,20
3,460171,0.3333,75,43,47,-58,-42,20
3,460172,0.3333,76,43,47,-60,-42,20
3,460173,0.3333,77,43,47,-62,-42,20
3,460202,0.3333,15,44,47,62,-40,20
3,460261,0.3333,74,44,47,-56,-40,20
3,462852,0.6667,26,73,47,40,18,20
3,462893,0.3333,67,73,47,-42,18,20
3,462894,0.3333,68,73,47,-44,18,20
3,462895,0.3333,69,73,47,-46,18,20
3,462901,0.3333,75,73,47,-58,18,20
3,462935,0.3333,18,74,47,56,20,20
3,462936,0.3333,19,74,47,54,20,20
3,462937,0.3333,20,74,47,52,20,20
3,462939,0.3333,22,74,47,48,20,20
3,462940,0.3333,23,74,47,46,20,20
3,462941,0.3333,24,74,47,44,20,20
3,462942,0.3333,25,74,47,42,20,20
3,462984,0.3333,67,74,47,-42,20,20
3,462985,0.6667,68,74,47,-44,20,20
3,462986,0.6667,69,74,47,-46,20,20
3,462987,0.3333,70,74,47,-48,20,20
3,463026,0.6667,18,75,47,56,22,20
3,463027,0.6667,19,75,47,54,22,20
3,463028,0.6667,20,75,47,52,22,20
3,463029,0.3333,21,75,47,50,22,20
3,463030,0.3333,22,75,47,48,22,20
3,463031,0.3333,23,75,47,46,22,20
3,463076,0.6667,68,75,47,-44,22,20
3,463077,0.6667,69,75,47,-46,22,20
3,463117,0.6667,18,76,47,56,24,20
3,463118,1.0000,19,76,47,54,24,20
3,463119,0.6667,20,76,47,52,24,20
3,463168,0.3333,69,76,47,-46,24,20
3,463208,1.0000,18,77,47,56,26,20
3,463209,1.0000,19,77,47,54,26,20
3,463210,0.6667,20,77,47,52,26,20
3,463300,0.3333,19,78,47,54,28,20
3,468535,0.3333,67,26,48,-42,-76,22
3,468624,0.6667,65,27,48,-38,-74,22
3,468625,0.3333,66,27,48,-40,-74,22
3,468715,0.3333,65,28,48,-38,-72,22
3,468716,0.3333,66,28,48,-40,-72,22
3,468761,0.3333,20,29,48,52,-70,22
3,468762,0.6667,21,29,48,50,-70,22
3,468763,0.6667,22,29,48,48,-70,22
3,468764,0.3333,23,29,48,46,-70,22
3,468765,0.3333,24,29,48,44,-70,22
3,468766,0.3333,25,29,48,42,-70,22
3,468852,0.3333,20,30,48,52,-68,22
3,468853,0.6667,21,30,48,50,-68,22
3,468854,0.6667,22,30,48,48,-68,22
3,468855,0.6667,23,30,48,46,-68,22
3,468856,0.6667,24,30,48,44,-68,22
3,468943,0.3333,20,31,48,52,-66,22
3,468944,0.3333,21,31,48,50,-66,22
3,468945,0.3333,22,31,48,48,-66,22
3,468946,0.6667,23,31,48,46,-66,22
3,468947,0.3333,24,31,48,44,-66,22
3,468948,0.3333,25,31,48,42,-66,22
3,468949,0.3333,26,31,48,40,-66,22
3,468992,0.3333,69,31,48,-46,-66,22
3,468993,0.6667,70,31,48,-48,-66,22
3,469038,0.3333,24,32,48,44,-64,22
3,469039,0.3333,25,32,48,42,-64,22
3,469040,0.3333,26,32,48,40,-64,22
3,469084,0.3333,70,32,48,-48,-64,22
3,469350,0.3333,63,35,48,-34,-58,22
3,469353,0.3333,66,35,48,-40,-58,22
3,469354,0.6667,67,35,48,-42,-58,22
3,469398,0.3333,20,36,48,52,-56,22
3,469399,0.3333,21,36,48,50,-56,22
3,469400,0.3333,22,36,48,48,-56,22
3,469401,0.3333,23,36,48,46,-56,22
3,469489,0.3333,20,37,48,52,-54,22
3,469490,0.3333,21,37,48,50,-54,22
3,469491,0.3333,22,37,48,48,-54,22
3,469492,0.3333,23,37,48,46,-54,22
3,469493,0.3333,24,37,48,44,-54,22
3,469494,0.3333,25,37,48,42,-54,22
3,469581,0.3333,21,38,48,50,-52,22
3,469582,0.3333,22,38,48,48,-52,22
3,469583,0.3333,23,38,48,46,-52,22
3,469584,0.3333,24,38,48,44,-52,22
3,469585,0.3333,25,38,48,42,-52,22
3,469586,0.3333,26,38,48,40,-52,22
3,469587,0.3333,27,38,48,38,-52,22
3,469674,0.3333,23,39,48,46,-50,22
3,469675,0.3333,24,39,48,44,-50,22
3,469676,0.3333,25,39,48,42,-50,22
3,469677,0.3333,26,39,48,40,-50,22
3,469678,0.3333,27,39,48,38,-50,22
3,469767,0.3333,25,40,48,42,-48,22
3,469768,0.3333,26,40,48,40,-48,22
3,469769,0.6667,27,40,48,38,-48,22
3,469809,0.3333,67,40,48,-42,-48,22
3,469858,0.3333,25,41,48,42,-46,22
3,469900,0.3333,67,41,48,-42,-46,22
3,469939,0.3333,15,42,48,62,-44,22
3,469940,0.3333,16,42,48,60,-44,22
3,469941,0.3333,17,42,48,58,-44,22
3,470030,0.3333,15,43,48,62,-42,22
3,470031,0.3333,16,43,48,60,-42,22
3,470036,0.3333,21,43,48,50,-42,22
3,470087,0.3333,72,43,48,-52,-42,22
3,470088,0.3333,73,43,48,-54,-42,22
3,470089,0.3333,74,43,48,-56,-42,22
3,470090,0.3333,75,43,48,-58,-42,22
3,470091,0.3333,76,43,48,-60,-42,22
3,470180,0.3333,74,44,48,-56,-40,22
3,472631,0.3333,68,71,48,-44,14,22
3,472719,0.3333,65,72,48,-38,16,22
3,472722,0.6667,68,72,48,-44,16,22
3,472723,0.3333,69,72,48,-46,16,22
3,472813,1.0000,68,73,48,-44,18,22
3,472814,0.3333,69,73,48,-46,18,22
3,472820,0.3333,75,73,48,-58,18,22
3,472859,0.3333,23,74,48,46,20,22
3,472860,0.3333,24,74,48,44,20,22
3,472903,0.6667,67,74,48,-42,20,22
3,472904,0.6667,68,74,48,-44,20,22
3,472905,0.6667,69,74,48,-46,20,22
3,472906,0.3333,70,74,48,-48,20,22
3,472945,0.3333,18,75,48,56,22,22
3,472946,0.3333,19,75,48,54,22,22
3,472949,0.3333,22,75,48,48,22,22
3,472950,0.3333,23,75,48,46,22,22
3,472951,0.3333,24,75,48,44,22,22
3,472995,0.6667,68,75,48,-44,22,22
3,472996,0.6667,69,75,48,-46,22,22
3,473036,0.6667,18,76,48,56,24,22
3,473037,0.6667,19,76,48,54,24,22
3,473087,0.6667,69,76,48,-46,24,22
3,473088,0.3333,70,76,48,-48,24,22
3,473128,1.0000,19,77,48,54,26,22
3,473129,0.3333,20,77,48,52,26,22
3,473219,0.6667,19,78,48,54,28,22
3,478413,0.3333,26,26,49,40,-76,24
3,478453,0.6667,66,26,49,-40,-76,24
3,478454,0.6667,67,26,49,-42,-76,24
3,478543,0.3333,65,27,49,-38,-74,24
3,478544,0.6667,66,27,49,-40,-74,24
3,478593,0.3333,24,28,49,44,-72,24
3,478680,0.3333,20,29,49,52,-70,24
3,478681,0.3333,21,29,49,50,-70,24
3,478683,0.3333,23,29,49,46,-70,24
3,478684,0.3333,24,29,49,44,-70,24
3,478685,0.3333,25,29,49,42,-70,24
3,478771,0.3333,20,30,49,52,-68,24
3,478772,0.3333,21,30,49,50,-68,24
3,478773,0.6667,22,30,49,48,-68,24
3,478774,0.3333,23,30,49,46,-68,24
3,478775,0.3333,24,30,49,44,-68,24
3,478862,0.3333,20,31,49,52,-66,24
3,478863,0.3333,21,31,49,50,-66,24
3,478866,0.3333,24,31,49,44,-66,24
3,478867,0.3333,25,31,49,42,-66,24
3,478868,0.3333,26,31,49,40,-66,24
3,478958,0.3333,25,32,49,42,-64,24
3,479269,0.3333,63,35,49,-34,-58,24
3,479272,0.3333,66,35,49,-40,-58,24
3,479273,0.6667,67,35,49,-42,-58,24
3,479317,0.3333,20,36,49,52,-56,24
3,479318,0.3333,21,36,49,50,-56,24
3,479319,0.3333,22,36,49,48,-56,24
3,479320,0.3333,23,36,49,46,-56,24
3,479324,0.3333,27,36,49,38,-56,24
3,479325,0.3333,28,36,49,36,-56,24
3,479409,0.3333,21,37,49,50,-54,24
3,479410,0.3333,22,37,49,48,-54,24
3,479411,0.3333,23,37,49,46,-54,24
3,479412,0.3333,24,37,49,44,-54,24
3,479413,0.3333,25,37,49,42,-54,24
3,479500,0.3333,21,38,49,50,-52,24
3,479501,0.3333,22,38,49,48,-52,24
3,479502,0.3333,23,38,49,46,-52,24
3,479503,0.3333,24,38,49,44,-52,24
3,479504,0.3333,25,38,49,42,-52,24
3,479505,0.3333,26,38,49,40,-52,24
3,479506,0.3333,27,38,49,38,-52,24
3,479592,0.3333,22,39,49,48,-50,24
3,479593,0.3333,23,39,49,46,-50,24
3,479594,0.3333,24,39,49,44,-50,24
3,479595,0.3333,25,39,49,42,-50,24
3,479596,0.3333,26,39,49,40,-50,24
3,479597,0.3333,27,39,49,38,-50,24
3,479685,0.3333,24,40,49,44,-48,24
3,479686,0.3333,25,40,49,42,-48,24
3,479687,0.3333,26,40,49,40,-48,24
3,479777,0.3333,25,41,49,42,-46,24
3,480005,0.3333,71,43,49,-50,-42,24
3,480006,0.3333,72,43,49,-52,-42,24
3,480007,0.3333,73,43,49,-54,-42,24
3,480010,0.3333,76,43,49,-60,-42,24
3,482549,0.3333,67,71,49,-42,14,24
3,482550,0.6667,68,71,49,-44,14,24
3,482551,0.3333,69,71,49,-46,14,24
3,482640,0.3333,67,72,49,-42,16,24
3,482641,0.6667,68,72,49,-44,16,24
3,482642,0.6667,69,72,49,-46,16,24
3,482731,0.6667,67,73,49,-42,18,24
3,482732,1.0000,68,73,49,-44,18,24
3,482733,0.6667,69,73,49,-46,18,24
3,482779,0.3333,24,74,49,44,20,24
3,482822,0.6667,67,74,49,-42,20,24
3,482823,0.6667,68,74,49,-44,20,24
3,482824,0.6667,69,74,49,-46,20,24
3,482864,0.3333,18,75,49,56,22,24
3,482869,0.3333,23,75,49,46,22,24
3,482915,0.6667,69,75,49,-46,22,24
3,482916,0.6667,70,75,49,-48,22,24
3,482955,1.0000,18,76,49,56,24,24
3,482956,0.3333,19,76,49,54,24,24
3,483007,0.6667,70,76,49,-48,24,24
3,483047,0.6667,19,77,49,54,26,24
3,488240,0.6667,25,25,50,42,-78,26
3,488241,0.6667,26,25,50,40,-78,26
3,488281,0.6667,66,25,50,-40,-78,26
3,488282,0.6667,67,25,50,-42,-78,26
3,488331,0.3333,25,26,50,42,-76,26
3,488332,0.6667,26,26,50,40,-76,26
3,488333,0.6667,27,26,50,38,-76,26
3,488371,0.3333,65,26,50,-38,-76,26
3,488372,0.3333,66,26,50,-40,-76,26
3,488373,0.3333,67,26,50,-42,-76,26
3,488461,0.3333,64,27,50,-36,-74,26
3,488462,0.3333,65,27,50,-38,-74,26
3,488463,0.3333,66,27,50,-40,-74,26
3,488464,0.3333,67,27,50,-42,-74,26
3,488606,0.3333,27,29,50,38,-70,26
3,488691,0.3333,21,30,50,50,-68,26
3,488692,0.3333,22,30,50,48,-68,26
3,488782,0.3333,21,31,50,50,-66,26
3,488786,0.3333,25,31,50,42,-66,26
3,489192,0.3333,67,35,50,-42,-58,26
3,489237,0.3333,21,36,50,50,-56,26
3,489238,0.3333,22,36,50,48,-56,26
3,489239,0.3333,23,36,50,46,-56,26
3,489243,0.3333,27,36,50,38,-56,26
3,489244,0.3333,28,36,50,36,-56,26
3,489328,0.3333,21,37,50,50,-54,26
3,489329,0.3333,22,37,50,48,-54,26
3,489330,0.3333,23,37,50,46,-54,26
3,489331,0.3333,24,37,50,44,-54,26
3,489332,0.3333,25,37,50,42,-54,26
3,489333,0.3333,26,37,50,40,-54,26
3,489335,0.3333,28,37,50,36,-54,26
3,489420,0.3333,22,38,50,48,-52,26
3,489421,0.3333,23,38,50,46,-52,26
3,489422,0.3333,24,38,50,44,-52,26
3,489423,0.3333,25,38,50,42,-52,26
3,489424,0.3333,26,38,50,40,-52,26
3,489425,0.3333,27,38,50,38,-52,26
3,489512,0.3333,23,39,50,46,-50,26
3,489513,0.3333,24,39,50,44,-50,26
3,489514,0.3333,25,39,50,42,-50,26
3,489515,0.3333,26,39,50,40,-50,26
3,489516,0.3333,27,39,50,38,-50,26
3,489925,0.3333,72,43,50,-52,-42,26
3,489926,0.3333,73,43,50,-54,-42,26
3,492468,0.3333,67,71,50,-42,14,26
3,492469,0.6667,68,71,50,-44,14,26
3,492560,0.6667,68,72,50,-44,16,26
3,492561,0.3333,69,72,50,-46,16,26
3,492650,0.6667,67,73,50,-42,18,26
3,492651,0.6667,68,73,50,-44,18,26
3,492652,0.6667,69,73,50,-46,18,26
3,492742,0.6667,68,74,50,-44,20,26
3,492743,0.6667,69,74,50,-46,20,26
3,492835,0.6667,70,75,50,-48,22,26
3,492836,0.3333,71,75,50,-50,22,26
3,492875,0.3333,19,76,50,54,24,26
3,492927,0.3333,71,76,50,-50,24,26
3,498159,0.3333,25,25,51,42,-78,28
3,498160,0.6667,26,25,51,40,-78,28
3,498161,0.6667,27,25,51,38,-78,28
3,498199,0.3333,65,25,51,-38,-78,28
3,498200,0.3333,66,25,51,-40,-78,28
3,498201,0.3333,67,25,51,-42,-78,28
3,498250,0.3333,25,26,51,42,-76,28
3,498251,0.6667,26,26,51,40,-76,28
3,498252,0.6667,27,26,51,38,-76,28
3,498253,0.6667,28,26,51,36,-76,28
3,498289,0.3333,64,26,51,-36,-76,28
3,498290,0.3333,65,26,51,-38,-76,28
3,498291,0.3333,66,26,51,-40,-76,28
3,498292,0.3333,67,26,51,-42,-76,28
3,498343,0.6667,27,27,51,38,-74,28
3,498380,0.3333,64,27,51,-36,-74,28
3,498381,0.3333,65,27,51,-38,-74,28
3,498382,0.3333,66,27,51,-40,-74,28
3,498434,0.3333,27,28,51,38,-72,28
3,498525,0.3333,27,29,51,38,-70,28
3,498610,0.3333,21,30,51,50,-68,28
3,498611,0.3333,22,30,51,48,-68,28
3,498700,0.3333,20,31,51,52,-66,28
3,498701,0.3333,21,31,51,50,-66,28
3,499071,0.3333,27,35,51,38,-58,28
3,499072,0.3333,28,35,51,36,-58,28
3,499162,0.3333,27,36,51,38,-56,28
3,499250,0.3333,24,37,51,44,-54,28
3,499752,0.3333,71,42,51,-50,-44,28
3,499844,0.6667,72,43,51,-52,-42,28
3,502388,0.6667,68,71,51,-44,14,28
3,502479,0.3333,68,72,51,-44,16,28
3,502480,0.3333,69,72,51,-46,16,28
3,502570,0.6667,68,73,51,-44,18,28
3,502571,0.3333,69,73,51,-46,18,28
3,508079,0.3333,26,25,52,40,-78,30
3,508080,0.6667,27,25,52,38,-78,30
3,508170,0.6667,26,26,52,40,-76,30
3,508171,0.6667,27,26,52,38,-76,30
3,508172,0.6667,28,26,52,36,-76,30
3,508208,0.3333,64,26,52,-36,-76,30
3,508262,0.6667,27,27,52,38,-74,30
3,508353,0.3333,27,28,52,38,-72,30
3,508529,0.3333,21,30,52,50,-68,30
3,508619,0.3333,20,31,52,52,-66,30
3,508620,0.3333,21,31,52,50,-66,30
3,508628,0.3333,29,31,52,34,-66,30
3,509671,0.6667,71,42,52,-50,-44,30
3,512129,0.3333,72,69,52,-52,10,30
3,512398,0.3333,68,72,52,-44,16,30
3,512399,0.3333,69,72,52,-46,16,30
3,517999,0.3333,27,25,53,38,-78,32
3,518089,0.3333,26,26,53,40,-76,32
3,518090,0.6667,27,26,53,38,-76,32
3,518091,0.3333,28,26,53,36,-76,32
3,518181,0.3333,27,27,53,38,-74,32
3,518272,0.3333,27,28,53,38,-72,32
3,518538,0.3333,20,31,53,52,-66,32
3,518539,0.3333,21,31,53,50,-66,32
3,522319,0.3333,70,72,53,-48,16,32
3,527919,0.3333,28,25,54,36,-78,34
3,571180,1.0000,64,64,58,-36,0,42
3,571181,0.6667,65,64,58,-38,0,42
3,571232,0.3333,25,65,58,42,2,42
3,571233,0.3333,26,65,58,40,2,42
3,571272,0.3333,65,65,58,-38,2,42
3,571322,0.3333,24,66,58,44,4,42
3,571323,0.3333,25,66,58,42,4,42
3,571324,0.3333,26,66,58,40,4,42
3,571364,0.3333,66,66,58,-40,4,42
3,571412,0.3333,23,67,58,46,6,42
3,571413,0.3333,24,67,58,44,6,42
3,580923,0.3333,70,62,59,-48,-4,44
3,581008,0.6667,64,63,59,-36,-2,44
3,581009,0.3333,65,63,59,-38,-2,44
3,581014,0.6667,70,63,59,-48,-2,44
3,581015,0.3333,71,63,59,-50,-2,44
3,581059,0.3333,24,64,59,44,0,44
3,581060,0.3333,25,64,59,42,0,44
3,581099,1.0000,64,64,59,-36,0,44
3,581100,0.6667,65,64,59,-38,0,44
3,581105,0.3333,70,64,59,-48,0,44
3,581150,0.3333,24,65,59,44,2,44
3,581151,0.3333,25,65,59,42,2,44
3,581152,0.3333,26,65,59,40,2,44
3,581190,0.3333,64,65,59,-36,2,44
3,581241,0.3333,24,66,59,44,4,44
3,581242,0.3333,25,66,59,42,4,44
3,581243,0.3333,26,66,59,40,4,44
3,581331,0.3333,23,67,59,46,6,44
3,581332,0.3333,24,67,59,44,6,44
3,581333,0.3333,25,67,59,42,6,44
3,590748,0.6667,67,61,60,-42,-6,46
3,590749,0.6667,68,61,60,-44,-6,46
3,590750,0.6667,69,61,60,-46,-6,46
3,590751,0.3333,70,61,60,-48,-6,46
3,590837,0.3333,65,62,60,-38,-4,46
3,590841,0.3333,69,62,60,-46,-4,46
3,590842,0.3333,70,62,60,-48,-4,46
3,590927,0.6667,64,63,60,-36,-2,46
3,590928,0.3333,65,63,60,-38,-2,46
3,590933,0.3333,70,63,60,-48,-2,46
3,590978,0.3333,24,64,60,44,0,46
3,590979,0.3333,25,64,60,42,0,46
3,591018,0.6667,64,64,60,-36,0,46
3,591019,0.3333,65,64,60,-38,0,46
3,591024,0.3333,70,64,60,-48,0,46
3,591025,0.3333,71,64,60,-50,0,46
3,591069,0.3333,24,65,60,44,2,46
3,591070,0.3333,25,65,60,42,2,46
3,591071,0.3333,26,65,60,40,2,46
3,591160,0.3333,24,66,60,44,4,46
3,591161,0.3333,25,66,60,42,4,46
3,591162,0.3333,26,66,60,40,4,46
3,591249,0.3333,22,67,60,48,6,46
3,591250,0.3333,23,67,60,46,6,46
3,591251,0.3333,24,67,60,44,6,46
3,591252,0.3333,25,67,60,42,6,46
3,591341,0.3333,23,68,60,46,8,46
3,600667,0.3333,67,61,61,-42,-6,48
3,600668,0.3333,68,61,61,-44,-6,48
3,600669,0.3333,69,61,61,-46,-6,48
3,600719,0.3333,28,62,61,36,-4,48
3,600755,0.3333,64,62,61,-36,-4,48
3,600756,0.3333,65,62,61,-38,-4,48
3,600846,0.6667,64,63,61,-36,-2,48
3,600897,0.6667,24,64,61,44,0,48
3,600898,0.6667,25,64,61,42,0,48
3,600937,0.3333,64,64,61,-36,0,48
3,600988,0.3333,24,65,61,44,2,48
3,600989,0.3333,25,65,61,42,2,48
3,601079,0.3333,24,66,61,44,4,48
3,601080,0.3333,25,66,61,42,4,48
3,601170,0.3333,24,67,61,44,6,48
3,601171,0.3333,25,67,61,42,6,48
3,610637,0.3333,27,62,62,38,-4,50
3,610638,0.6667,28,62,62,36,-4,50
3,610674,0.6667,64,62,62,-36,-4,50
3,610675,0.3333,65,62,62,-38,-4,50
3,610726,0.3333,25,63,62,42,-2,50
3,610728,0.3333,27,63,62,38,-2,50
3,610729,0.6667,28,63,62,36,-2,50
3,610816,0.6667,24,64,62,44,0,50
3,610817,0.3333,25,64,62,42,0,50
3,610820,0.3333,28,64,62,36,0,50
3,610907,0.3333,24,65,62,44,2,50
3,610908,0.3333,25,65,62,42,2,50
3,610998,0.3333,24,66,62,44,4,50
3,610999,0.3333,25,66,62,42,4,50
3,611090,0.3333,25,67,62,42,6,50
3,611092,0.3333,27,67,62,38,6,50
3,620370,0.3333,23,60,63,46,-8,52
3,620371,0.3333,24,60,63,44,-8,52
3,620503,0.3333,65,61,63,-38,-6,52
3,620504,0.3333,66,61,63,-40,-6,52
3,620556,0.6667,27,62,63,38,-4,52
3,620557,0.6667,28,62,63,36,-4,52
3,620593,1.0000,64,62,63,-36,-4,52
3,620594,1.0000,65,62,63,-38,-4,52
3,620595,0.6667,66,62,63,-40,-4,52
3,620646,0.3333,26,63,63,40,-2,52
3,620647,0.6667,27,63,63,38,-2,52
3,620648,0.6667,28,63,63,36,-2,52
3,620685,1.0000,65,63,63,-38,-2,52
3,620686,0.6667,66,63,63,-40,-2,52
3,620738,0.3333,27,64,63,38,0,52
3,620739,0.6667,28,64,63,36,0,52
3,620777,0.3333,66,64,63,-40,0,52
3,620830,0.3333,28,65,63,36,2,52
3,620921,0.3333,28,66,63,36,4,52
3,620957,0.3333,64,66,63,-36,4,52
3,620958,0.3333,65,66,63,-38,4,52
3,621011,0.3333,27,67,63,38,6,52
3,621049,0.3333,65,67,63,-38,6,52
3,621100,0.6667,25,68,63,42,8,52
3,621101,0.3333,26,68,63,40,8,52
3,630289,0.3333,23,60,64,46,-8,54
3,630290,0.3333,24,60,64,44,-8,54
3,630291,0.3333,25,60,64,42,-8,54
3,630422,0.3333,65,61,64,-38,-6,54
3,630423,0.3333,66,61,64,-40,-6,54
3,630424,0.3333,67,61,64,-42,-6,54
3,630475,0.6667,27,62,64,38,-4,54
3,630476,0.6667,28,62,64,36,-4,54
3,630512,1.0000,64,62,64,-36,-4,54
3,630513,1.0000,65,62,64,-38,-4,54
3,630514,0.6667,66,62,64,-40,-4,54
3,630515,0.3333,67,62,64,-42,-4,54
3,630565,0.3333,26,63,64,40,-2,54
3,630566,0.6667,27,63,64,38,-2,54
3,630567,0.6667,28,63,64,36,-2,54
3,630604,1.0000,65,63,64,-38,-2,54
3,630605,1.0000,66,63,64,-40,-2,54
3,630606,0.3333,67,63,64,-42,-2,54
3,630657,0.6667,27,64,64,38,0,54
3,630658,0.6667,28,64,64,36,0,54
3,630695,0.6667,65,64,64,-38,0,54
3,630696,0.3333,66,64,64,-40,0,54
3,630748,0.3333,27,65,64,38,2,54
3,630749,0.6667,28,65,64,36,2,54
3,630785,0.3333,64,65,64,-36,2,54
3,630786,0.6667,65,65,64,-38,2,54
3,630787,0.3333,66,65,64,-40,2,54
3,630840,0.3333,28,66,64,36,4,54
3,630876,0.6667,64,66,64,-36,4,54
3,630877,0.3333,65,66,64,-38,4,54
3,630968,0.3333,65,67,64,-38,6,54
3,640208,0.3333,23,60,65,46,-8,56
3,640209,0.3333,24,60,65,44,-8,56
3,640303,0.3333,27,61,65,38,-6,56
3,640341,0.3333,65,61,65,-38,-6,56
3,640394,0.6667,27,62,65,38,-4,56
3,640395,0.6667,28,62,65,36,-4,56
3,640431,0.3333,64,62,65,-36,-4,56
3,640432,0.3333,65,62,65,-38,-4,56
3,640433,0.3333,66,62,65,-40,-4,56
3,640484,0.3333,26,63,65,40,-2,56
3,640485,0.6667,27,63,65,38,-2,56
3,640486,0.6667,28,63,65,36,-2,56
3,640523,1.0000,65,63,65,-38,-2,56
3,640524,0.6667,66,63,65,-40,-2,56
3,640525,0.3333,67,63,65,-42,-2,56
3,640576,0.6667,27,64,65,38,0,56
3,640577,0.6667,28,64,65,36,0,56
3,640613,0.3333,64,64,65,-36,0,56
3,640614,0.6667,65,64,65,-38,0,56
3,640615,0.6667,66,64,65,-40,0,56
3,640667,0.6667,27,65,65,38,2,56
3,640668,0.6667,28,65,65,36,2,56
3,640704,0.3333,64,65,65,-36,2,56
3,640705,0.6667,65,65,65,-38,2,56
3,640706,0.6667,66,65,65,-40,2,56
3,640796,0.6667,65,66,65,-38,4,56
3,640797,0.6667,66,66,65,-40,4,56
3,640887,0.3333,65,67,65,-38,6,56
3,650170,0.3333,66,60,66,-40,-8,58
3,650222,0.3333,27,61,66,38,-6,58
3,650260,0.3333,65,61,66,-38,-6,58
3,650313,0.3333,27,62,66,38,-4,58
3,650314,0.6667,28,62,66,36,-4,58
3,650404,0.6667,27,63,66,38,-2,58
3,650405,0.6667,28,63,66,36,-2,58
3,650495,0.6667,27,64,66,38,0,58
3,650496,0.6667,28,64,66,36,0,58
3,650587,0.3333,28,65,66,36,2,58
3,650623,0.3333,64,65,66,-36,2,58
3,650624,0.3333,65,65,66,-38,2,58
3,650625,0.6667,66,65,66,-40,2,58
3,650715,0.6667,65,66,66,-38,4,58
3,650716,0.6667,66,66,66,-40,4,58
3,660141,0.3333,27,61,67,38,-6,60
3,660179,0.3333,65,61,67,-38,-6,60
3,660232,0.3333,27,62,67,38,-4,60
3,660233,0.6667,28,62,67,36,-4,60
3,660543,0.3333,65,65,67,-38,2,60
3,670060,0.6667,27,61,68,38,-6,62
3,670098,0.3333,65,61,68,-38,-6,62
